Date,Treatment Tank,Specimen #,Prey Present (Y/N),"Prey Count 
(# in stomach + gut)","Specimen Imaged
(Y/N)",Vial #,"Subsample Type (RNA/DNA, stable isotopes, CS)",Wet Weight (g),Feeding Incidence,Comments,
2/25/2022,A1,1,N,NA,Y,,CS,NA,,,
2/25/2022,A1,2,N,NA,Y,,CS,NA,,,
2/25/2022,B1,3,N,NA,Y,,CS,NA,,,
2/25/2022,B1,4,N,NA,Y,,CS,NA,,,
2/27/2022,B1,5,Y,3,Y,,CS,0.001642,,Image name: YY_MM_DD_Treatment_Spec#_mag,
2/27/2022,B1,6,Y,1,Y,,CS,0.001599,,,
2/27/2022,B1,7,N,NA,Y,,CS,0.001335,,,
2/27/2022,A1,8,N,NA,Y,,CS,0.005767,,,
2/27/2022,A1,9,N,NA,Y,,,0.005528,,,
2/28/2022,B2,10,Y,1,Y,1,RNA/DNA,,,,
2/28/2022,B2,11,N,0,Y,1,RNA/DNA,,,,
2/28/2022,B2,12,N,0,Y,1,RNA/DNA,0.006736,,Aggregate weight spec 10-12,
2/28/2022,B2,13,N,0,Y,2,RNA/DNA,,,,
2/28/2022,B2,14,N,0,Y,2,RNA/DNA,,,,
2/28/2022,B2,15,N,0,Y,2,RNA/DNA,0.00948,,Aggregate weight spec 13-15,
2/28/2022,B2,16,N,0,Y,3,SI,,,,
2/28/2022,B2,17,N,0,Y,3,SI,,,,
2/28/2022,B2,18,N,0,Y,3,SI,,,Aggregate weight spec 16-18; balance would not tare,
2/28/2022,B2,19,N,0,Y,4,SI,,,,
2/28/2022,B2,20,N,0,Y,4,SI,,,,
2/28/2022,B2,21,N,0,Y,4,SI,0.0162,,Aggregate weight spec 19-21,
2/28/2022,B2,22,N,0,Y,,CS,,,,
2/28/2022,B2,23,N,0,Y,,CS,,,,
2/28/2022,B2,24,N,0,Y,,CS,,,,
2/28/2022,B2,25,N,0,Y,,CS,,,,
2/28/2022,B2,26,N,0,Y,,CS,,,,
2/28/2022,B2,27,N,0,Y,,CS,0.016414,0.055555556,Aggregate weight spec 22-27,
2/28/2022,B1,28,N,0,Y,5,RNA/DNA,,,,
2/28/2022,B1,29,N,0,Y,5,RNA/DNA,,,,
2/28/2022,B1,30,N,0,Y,5,RNA/DNA,0.00712,,Aggregate weight spec 28-30,
2/28/2022,B1,31,N,0,Y,6,RNA/DNA,,,,
2/28/2022,B1,32,N,0,Y,6,RNA/DNA,,,,
2/28/2022,B1,33,N,0,Y,6,RNA/DNA,0.00842,,Aggregate weight spec 31-33,
2/28/2022,B1,34,N,0,Y,7,SI,,,,
2/28/2022,B1,35,N,0,Y,7,SI,,,,
2/28/2022,B1,36,Y,1,Y,7,SI,0.00742,,Aggregate weight spec 34-36,
2/28/2022,B1,37,N,0,Y,8,SI,,,,
2/28/2022,B1,38,N,0,Y,8,SI,,,,
2/28/2022,B1,39,N,0,Y,8,SI,0.00758,,Aggregate weight spec 37-39,
2/28/2022,B1,40,N,0,Y,,CS,,,,
2/28/2022,B1,41,N,0,Y,,CS,,,,
2/28/2022,B1,42,Y,2,Y,,CS,,,,
2/28/2022,B1,43,N,0,Y,,CS,0.00933,0.125,Aggregate weight spec 40-43,
3/1/2022,B2,44,N,0,Y,9,RNA/DNA,,,,
3/1/2022,B2,45,N,0,Y,9,RNA/DNA,,,,
3/1/2022,B2,46,N,0,Y,9,RNA/DNA,0.00983,,Aggregate weight spec 44-46,
3/1/2022,B2,47,N,0,Y,10,RNA/DNA,,,,
3/1/2022,B2,48,N,0,Y,10,RNA/DNA,,,,
3/1/2022,B2,49,N,0,Y,10,RNA/DNA,0.00847,,Aggregate weight spec 47-49,
3/1/2022,B2,50,N,0,Y,11,SI,,,,
3/1/2022,B2,51,N,0,Y,11,SI,,,,
3/1/2022,B2,52,N,0,Y,11,SI,0.008353,,Aggregate weight spec 50-52,
3/1/2022,B2,53,N,0,Y,12,SI,,,,
3/1/2022,B2,54,N,0,Y,12,SI,,,,
3/1/2022,B2,55,N,0,Y,12,SI,0.007799,,Aggregate weight spec 53-55,
3/1/2022,B2,56,N,0,Y,,CS,,,,
3/1/2022,B2,57,N,0,Y,,CS,,,,
3/1/2022,B2,58,N,0,Y,,CS,,,,
3/1/2022,B2,59,N,0,Y,,CS,0.01087,0,"Aggregate weight spec 56-59, measured after quick preservation dip",
3/1/2022,B1,60,Y,1,Y,13,RNA/DNA,,,,
3/1/2022,B1,61,Y,1,Y,13,RNA/DNA,,,,
3/1/2022,B1,62,Y,1,Y,13,RNA/DNA,0.00829,,Aggregate weight spec 60-62,
3/1/2022,B1,63,N,0,Y,14,RNA/DNA,,,,
3/1/2022,B1,64,N,0,Y,14,RNA/DNA,,,,
3/1/2022,B1,65,N,0,Y,14,RNA/DNA,0.009031,,Aggregate weight spec 63-65,
3/1/2022,B1,66,Y,2,Y,15,SI,,,,
3/1/2022,B1,67,Y,4,Y,15,SI,,,,
3/1/2022,B1,68,Y,1,Y,15,SI,0.00748,,Aggregate weight spec 66-68,
3/1/2022,B1,69,N,0,Y,16,SI,,,,
3/1/2022,B1,70,N,0,Y,16,SI,,,,
3/1/2022,B1,71,Y,2,Y,16,SI,0.00748,,Aggregate weight spec 69-71,
3/1/2022,B1,72,N,0,Y,,CS,,,obviously dead,
3/1/2022,B1,73,N,0,Y,,CS,,,obviously dead,
3/1/2022,B1,74,N,0,Y,,CS,,,obviously dead,
3/1/2022,B1,75,N,0,Y,,CS,0.00956,0.4375,Aggregate weight spec 72-75;obviously dead,
3/2/2022,A1,76,Y,3,Y,,CS,,,,
3/2/2022,A1,77,N,0,Y,,CS,,,,
3/2/2022,A1,78,N,0,Y,,CS,,,,
3/2/2022,A1,79,Y,1,Y,,CS,0.009223,,Aggregate weight spec 76-79;obviously dead,
3/2/2022,B2,80,N,0,Y,17,RNA/DNA,,,,
3/2/2022,B2,81,Y,1,Y,17,RNA/DNA,,,,
3/2/2022,B2,82,N,0,Y,17,RNA/DNA,0.0076,,Aggregate weight spec 80-82,
3/2/2022,B2,83,N,0,Y,18,RNA/DNA,,,,
3/2/2022,B2,84,Y,1,Y,18,RNA/DNA,,,,
3/2/2022,B2,85,Y,2,Y,18,RNA/DNA,0.00869,,Aggregate weight spec 83-85,
3/2/2022,B2,86,Y,1,Y,19,SI,,,,
3/2/2022,B2,87,Y,2,Y,19,SI,,,,
3/2/2022,B2,88,Y,2,Y,19,SI,0.00877,,Aggregate weight spec 86-88,
3/2/2022,B2,89,Y,1,Y,20,SI,,,,
3/2/2022,B2,90,N,0,Y,20,SI,,,,
3/2/2022,B2,91,N,0,Y,20,SI,0.00921,,Aggregate weight spec 89-91,
3/2/2022,B2,92,Y,2,Y,,CS,,,,
3/2/2022,B2,93,N,0,Y,,CS,,,,
3/2/2022,B2,94,N,0,Y,,CS,,,,
3/2/2022,B2,95,Y,2,Y,,CS,0.01006,0.5625,Aggregate weight spec 92-95,
3/2/2022,B1,96,N,0,Y,21,RNA/DNA,,,,
3/2/2022,B1,97,N,0,Y,21,RNA/DNA,,,,
3/2/2022,B1,98,N,0,Y,21,RNA/DNA,0.00864,,Aggregate weight spec 96-98,
3/2/2022,B1,99,N,0,Y,22,RNA/DNA,,,,
3/2/2022,B1,100,Y,1,Y,22,RNA/DNA,,,,
3/2/2022,B1,101,Y,1,Y,22,RNA/DNA,0.0086,,Aggregate weight spec 99-101,
3/2/2022,B1,102,Y,3,N,23,SI,,,,
3/2/2022,B1,103,N,0,N,23,SI,,,,
3/2/2022,B1,104,Y,2,N,23,SI,0.0997,,Aggregate weight spec 102-104,
3/2/2022,B1,105,Y,2,Y,24,SI,,,,
3/2/2022,B1,106,N,0,Y,24,SI,,,,
3/2/2022,B1,107,Y,3,Y,24,SI,0.00945,,Aggregate weight spec 105-107,
3/2/2022,B1,108,N,0,Y,,CS,,,,
3/2/2022,B1,109,N,0,Y,,CS,,,,
3/2/2022,B1,110,N,0,Y,,CS,0.00935,0.4,Aggregate weight spec 108-110,
3/3/2022,B2,111,Y,1,Y,25,RNA/DNA,,,Looked dead at sampling,
3/3/2022,B2,112,Y,1,Y,25,RNA/DNA,,,,
3/3/2022,B2,113,N,0,Y,25,RNA/DNA,0.00769,,Aggregate weight spec 111-113,
3/3/2022,B2,114,N,0,Y,26,RNA/DNA,,,,
3/3/2022,B2,115,Y,2,Y,26,RNA/DNA,,,,
3/3/2022,B2,116,Y,1,Y,26,RNA/DNA,0.00794,,Aggregate weight spec 114-116,
3/3/2022,B2,117,N,0,Y,27,SI,,,,
3/3/2022,B2,118,N,0,Y,27,SI,,,,
3/3/2022,B2,119,N,0,Y,27,SI,0.00828,,Aggregate weight spec 117-119,
3/3/2022,B2,120,Y,2,Y,28,SI,,,,
3/3/2022,B2,121,Y,1,Y,28,SI,,,,
3/3/2022,B2,122,N,0,Y,28,SI,0.00789,,Aggregate weight spec 120-122,
3/3/2022,B2,123,N,0,Y,,CS,,,,
3/3/2022,B2,124,Y,2,Y,,CS,,,,
3/3/2022,B2,125,N,0,Y,,CS,,,,
3/3/2022,B2,126,Y,2,Y,,CS,0.01004,0.5,Aggregate weight spec 123-126,
3/3/2022,B1,127,Y,1,Y,29,RNA/DNA,,,,
3/3/2022,B1,128,N,0,Y,29,RNA/DNA,,,,
3/3/2022,B1,129,Y,3,Y,29,RNA/DNA,0.00911,,Aggregate weight spec 127-129,
3/3/2022,B1,130,N,0,Y,30,RNA/DNA,,,,
3/3/2022,B1,131,Y,2,Y,30,RNA/DNA,,,,
3/3/2022,B1,132,N,0,Y,30,RNA/DNA,0.00913,,Aggregate weight spec 130-132,
3/3/2022,B1,133,Y,1,Y,31,SI,,,,
3/3/2022,B1,134,Y,6,Y,31,SI,,,,
3/3/2022,B1,135,Y,2,Y,31,SI,0.00872,,Aggregate weight spec 133-135,
3/3/2022,B1,136,Y,1,Y,32,SI,,,,
3/3/2022,B1,137,N,0,Y,32,SI,,,,
3/3/2022,B1,138,Y,6,Y,32,SI,0.00842,,Aggregate weight spec 136-138,
3/3/2022,B1,139,Y,1,Y,,CS,,,,
3/3/2022,B1,140,N,0,Y,,CS,,,,
3/3/2022,B1,141,Y,3,Y,,CS,,,,
3/3/2022,B1,142,Y,2,Y,,CS,0.01268,0.6875,Aggregate weight spec 139-142,
3/3/2022,A2,143,N,0,Y,33,RNA/DNA,,,,
3/3/2022,A2,144,N,0,Y,33,RNA/DNA,,,,
3/3/2022,A2,145,N,0,Y,33,RNA/DNA,0.00904,,Aggregate weight spec 143-145,
3/3/2022,A2,146,Y,4,Y,34,RNA/DNA,,,,
3/3/2022,A2,147,Y,1,Y,34,RNA/DNA,,,,
3/3/2022,A2,148,Y,2,Y,34,RNA/DNA,0.009565,,Aggregate weight spec 146-148,
3/3/2022,A2,149,Y,2,Y,35,SI,,,,
3/3/2022,A2,150,Y,2,Y,35,SI,,,,
3/3/2022,A2,151,N,0,Y,35,SI,0.00848,,Aggregate weight spec 149-151,
3/3/2022,A2,152,Y,1,Y,36,SI,,,,
3/3/2022,A2,153,Y,3,Y,36,SI,,,,
3/3/2022,A2,154,Y,1,Y,36,SI,0.00708,,Aggregate weight spec 152-154,
3/3/2022,A2,155,Y,4,Y,,CS,,,,
3/3/2022,A2,156,Y,2,Y,,CS,,,,
3/3/2022,A2,157,N,0,Y,,CS,,,,
3/3/2022,A2,158,Y,3,Y,,CS,0.00844,0.6875,Aggregate weight spec 155-158,
3/3/2022,A1,159,N,0,Y,37,RNA/DNA,,,,
3/3/2022,A1,160,N,0,Y,37,RNA/DNA,,,Visible in both images; pick best and measure ,
3/3/2022,A1,161,Y,2,Y,37,RNA/DNA,0.00942,,Aggregate weight spec 159-161,
3/3/2022,A1,162,Y,2,Y,38,RNA/DNA,,,,
3/3/2022,A1,163,Y,1,Y,38,RNA/DNA,,,,
3/3/2022,A1,164,Y,1,Y,38,RNA/DNA,0.00687,,Aggregate weight spec 162-164,
3/3/2022,A1,165,Y,2,Y,39,SI,,,,
3/3/2022,A1,166,N,0,Y,39,SI,,,,
3/3/2022,A1,167,Y,3,Y,39,SI,0.008139,,Aggregate weight spec 165-167,
3/3/2022,A1,168,Y,1,Y,40,SI,,,,
3/3/2022,A1,169,Y,2,Y,40,SI,,,,
3/3/2022,A1,170,N,0,Y,40,SI,0.00694,,Aggregate weight spec 168-170,
3/3/2022,A1,171,Y,3,Y,,CS,,,,
3/3/2022,A1,172,Y,3,Y,,CS,,,,
3/3/2022,A1,173,Y,1,Y,,CS,,,,
3/3/2022,A1,174,Y,1,Y,,CS,0.01006,0.75,Aggregate weight spec 171-174; 174 is a 2-headed larva,
3/4/2022,B2,175,Y,1,Y,41,RNA/DNA,,,,
3/4/2022,B2,176,Y,2,Y,41,RNA/DNA,,,,
3/4/2022,B2,177,Y,2,Y,41,RNA/DNA,0.01059,,Aggregate weight spec 175-177,
3/4/2022,B2,178,Y,3,Y,42,RNA/DNA,,,,
3/4/2022,B2,179,Y,1,Y,42,RNA/DNA,,,,
3/4/2022,B2,180,N,0,Y,42,RNA/DNA,0.01032,,Aggregate weight spec 178-180,
3/4/2022,B2,181,Y,1,Y,43,SI,,,,
3/4/2022,B2,182,Y,2,Y,43,SI,,,,
3/4/2022,B2,183,N,0,Y,43,SI,0.01041,,Aggregate weight spec 181-183,
3/4/2022,B2,184,Y,2,Y,44,SI,,,,
3/4/2022,B2,185,Y,3,Y,44,SI,,,,
3/4/2022,B2,186,N,0,Y,44,SI,0.00929,,Aggregate weight spec 184-186,
3/4/2022,B2,187,Y,2,Y,,CS,,,,
3/4/2022,B2,188,Y,3,Y,,CS,,,,
3/4/2022,B2,189,Y,3,Y,,CS,,,,
3/4/2022,B2,190,N,0,Y,,CS,0.01404,0.75,Aggregate weight spec 187-190,
3/4/2022,B1,191,Y,2,Y,45,RNA/DNA,,,,
3/4/2022,B1,192,N,0,Y,45,RNA/DNA,,,,
3/4/2022,B1,193,Y,2,Y,45,RNA/DNA,0.00837,,Aggregate weight spec 191-193,
3/4/2022,B1,194,Y,4,Y,46,RNA/DNA,,,,
3/4/2022,B1,195,Y,1,Y,46,RNA/DNA,,,,
3/4/2022,B1,196,Y,2,Y,46,RNA/DNA,0.00646,,Aggregate weight spec 194-196,
3/4/2022,B1,197,Y,3,Y,47,SI,,,,
3/4/2022,B1,198,Y,1,Y,47,SI,,,,
3/4/2022,B1,199,Y,4,Y,47,SI,0.00693,,Aggregate weight spec 197-199,
3/4/2022,B1,200,Y,5,Y,48,SI,,,,
3/4/2022,B1,201,Y,6,Y,48,SI,,,,
3/4/2022,B1,202,Y,3,Y,48,SI,,,"Aggregate weight spec 200-202; no wet weight, will do before dry weight",
3/4/2022,B1,203,Y,1,Y,,CS,,,,
3/4/2022,B1,204,Y,7,Y,,CS,,,,
3/4/2022,B1,205,Y,2,Y,,CS,,,,
3/4/2022,B1,206,Y,6,Y,,CS,,0.9375,"Aggregate weight spec 203-206; no wet weight, will do before dry weight",
3/4/2022,A2,207,N,0,Y,49,RNA/DNA,,,,
3/4/2022,A2,208,N,0,Y,49,RNA/DNA,,,,
3/4/2022,A2,209,Y,2,Y,49,RNA/DNA,0.008516,,Aggregate weight spec 207-209,
3/4/2022,A2,210,Y,1,Y,50,RNA/DNA,,,,
3/4/2022,A2,211,Y,7,Y,50,RNA/DNA,,,,
3/4/2022,A2,212,Y,1,Y,50,RNA/DNA,0.00851,,Aggregate weight spec 210-212,
3/4/2022,A2,213,Y,3,Y,51,SI,,,,
3/4/2022,A2,214,Y,1,Y,51,SI,,,,
3/4/2022,A2,215,Y,6,Y,51,SI,0.00934,,Aggregate weight spec 213-215,
3/4/2022,A2,216,Y,2,Y,52,SI,,,,
3/4/2022,A2,217,Y,6,Y,52,SI,,,,
3/4/2022,A2,218,N,0,Y,52,SI,0.0094,,Aggregate weight spec 216-218,
3/4/2022,A2,219,N,0,Y,,CS,,,,
3/4/2022,A2,220,Y,2,Y,,CS,,,,
3/4/2022,A2,221,N,0,Y,,CS,,,,
3/4/2022,A2,222,Y,7,Y,,CS,,0.6875,"Aggregate weight spec 219-222; no wet weight, will weigh in lab",
3/4/2022,A1,223,Y,4,Y,53,RNA/DNA,,,,
3/4/2022,A1,224,Y,2,Y,53,RNA/DNA,,,,
3/4/2022,A1,225,Y,10,Y,53,RNA/DNA,0.008255,,Aggregate weight spec 223-225,
3/4/2022,A1,226,N,0,Y,54,RNA/DNA,,,,
3/4/2022,A1,227,Y,1,Y,54,RNA/DNA,,,,
3/4/2022,A1,228,Y,5,Y,54,RNA/DNA,0.09901,,Aggregate weight spec 226-228,
3/4/2022,A1,229,N,0,Y,55,SI,,,,
3/4/2022,A1,230,Y,2,Y,55,SI,,,,
3/4/2022,A1,231,N,0,Y,55,SI,0.00861,,Aggregate weight spec 229-231,
3/4/2022,A1,232,Y,3,Y,56,SI,,,,
3/4/2022,A1,233,Y,6,Y,56,SI,,,,
3/4/2022,A1,234,Y,1,Y,56,SI,0.00843,,Aggregate weight spec 232-234,
3/4/2022,A1,235,Y,2,Y,,CS,,,,
3/4/2022,A1,236,Y,5,Y,,CS,,,,
3/4/2022,A1,237,Y,4,Y,,CS,,,,
3/4/2022,A1,238,N,0,Y,,CS,0.01259,0.75,Aggregate weight spec 235-238,
3/5/2022,B2,239,Y,2,Y,57,RNA/DNA,,,,
3/5/2022,B2,240,Y,3,Y,57,RNA/DNA,,,,
3/5/2022,B2,241,N,0,Y,57,RNA/DNA,0.010345,,Aggregate weight spec 239-241,
3/5/2022,B2,242,N,0,Y,58,RNA/DNA,,,,
3/5/2022,B2,243,N,0,Y,58,RNA/DNA,,,,
3/5/2022,B2,244,Y,1,Y,58,RNA/DNA,0.01105,,Aggregate weight spec 242-244,
3/5/2022,B2,245,N,0,Y,59,SI,,,,
3/5/2022,B2,246,Y,5,Y,59,SI,,,,
3/5/2022,B2,247,Y,10,Y,59,SI,0.01076,,Aggregate weight spec 245-247,
3/5/2022,B2,248,N,0,Y,60,SI,,,,
3/5/2022,B2,249,Y,1,Y,60,SI,,,,
3/5/2022,B2,250,Y,7,Y,60,SI,0.0111,,Aggregate weight spec 248-250,
3/5/2022,B2,251,Y,4,Y,,CS,,,,
3/5/2022,B2,252,Y,1,Y,,CS,,,,
3/5/2022,B2,253,Y,4,Y,,CS,,,,
3/5/2022,B2,254,Y,2,Y,,CS,0.01421,0.6875,Aggregate weight spec 251-254,
3/5/2022,B1,255,Y,4,Y,61,RNA/DNA,,,,
3/5/2022,B1,256,Y,3,Y,61,RNA/DNA,,,,
3/5/2022,B1,257,Y,5,Y,61,RNA/DNA,0.01282,,Aggregate weight spec 255-257,
3/5/2022,B1,258,Y,7,Y,62,RNA/DNA,,,,
3/5/2022,B1,259,Y,1,Y,62,RNA/DNA,,,,
3/5/2022,B1,260,Y,2,Y,62,RNA/DNA,0.01066,,Aggregate weight spec 258-260,
3/5/2022,B1,261,Y,3,Y,63,SI,,,,
3/5/2022,B1,262,Y,6,Y,63,SI,,,,
3/5/2022,B1,263,N,0,Y,63,SI,0.01004,,Aggregate weight spec 261-263,
3/5/2022,B1,264,Y,1,Y,64,SI,,,,
3/5/2022,B1,265,Y,8,Y,64,SI,,,,
3/5/2022,B1,266,Y,2,Y,64,SI,0.01056,,"Aggregate weight spec 264-266;scalebeing finicky, not responding to touchscreen",
3/5/2022,B1,267,Y,1,Y,,CS,,,,
3/5/2022,B1,268,Y,3,Y,,CS,,,,
3/5/2022,B1,269,Y,1,Y,,CS,,,,
3/5/2022,B1,270,Y,7,Y,,CS,0.01335,0.9375,Aggregate weight spec 267-270,
3/5/2022,A2,271,Y,8,Y,65,RNA/DNA,,,,
3/5/2022,A2,272,Y,5,Y,65,RNA/DNA,,,,
3/5/2022,A2,273,Y,1,Y,65,RNA/DNA,#REF!,,Aggregate weight spec 271-273,
3/5/2022,A2,274,N,0,Y,66,RNA/DNA,,,,
3/5/2022,A2,275,Y,3,Y,66,RNA/DNA,,,,
3/5/2022,A2,276,Y,2,Y,66,RNA/DNA,#REF!,,Aggregate weight spec 274-276,
3/5/2022,A2,277,Y,1,Y,67,SI,,,,
3/5/2022,A2,278,N,0,Y,67,SI,,,May have died in treatment,
3/5/2022,A2,279,Y,6,Y,67,SI,#REF!,,Aggregate weight spec 277-279,
3/5/2022,A2,280,Y,3,Y,68,SI,,,,
3/5/2022,A2,281,Y,3,Y,68,SI,,,,
3/5/2022,A2,282,Y,2,Y,68,SI,0.009002,,Aggregate weight spec 280-282,
3/5/2022,A2,283,N,0,Y,,CS,,,,
3/5/2022,A2,284,Y,10,Y,,CS,,,,
3/5/2022,A2,285,Y,1,Y,,CS,,,,
3/5/2022,A2,286,Y,1,Y,,CS,0.01242,0.8125,Aggregate weight spec 283-286,
3/5/2022,A1,287,Y,1,Y,69,RNA/DNA,,,,
3/5/2022,A1,288,Y,7,Y,69,RNA/DNA,,,,
3/5/2022,A1,289,Y,1,Y,69,RNA/DNA,0.0092,,Aggregate weight spec 287-289,
3/5/2022,A1,290,Y,3,Y,70,RNA/DNA,,,,
3/5/2022,A1,291,Y,6,Y,70,RNA/DNA,,,,
3/5/2022,A1,292,Y,9,Y,70,RNA/DNA,0.01042,,Aggregate weight spec 290-292,
3/5/2022,A1,293,Y,6,Y,71,SI,,,,
3/5/2022,A1,294,N,0,Y,71,SI,,,Prey in mouth but not yet in esophagus,
3/5/2022,A1,295,Y,4,Y,71,SI,#REF!,,Aggregate weight spec 293-295,
3/5/2022,A1,296,Y,5,Y,72,SI,,,,
3/5/2022,A1,297,Y,6,Y,72,SI,,,,
3/5/2022,A1,298,Y,2,Y,72,SI,0.00979,,Aggregate weight spec 296-298,
3/5/2022,A1,299,Y,2,Y,,CS,,,,
3/5/2022,A1,300,Y,18,Y,,CS,,,,
3/5/2022,A1,301,Y,5,Y,,CS,,,,
3/5/2022,A1,302,N,0,Y,,CS,,,,
3/5/2022,A1,303,N,0,Y,,CS,0.01397,0.823529412,Aggregate weight spec 299-303,
3/6/2022,B2,304,Y,1,Y,73,RNA/DNA,,,,
3/6/2022,B2,305,N,0,Y,73,RNA/DNA,,,,
3/6/2022,B2,306,Y,1,Y,73,RNA/DNA,0.008194,,Aggregate weight spec 304-306,
3/6/2022,B2,307,Y,1,Y,74,RNA/DNA,,,,
3/6/2022,B2,308,Y,6,Y,74,RNA/DNA,,,,
3/6/2022,B2,309,N,0,Y,74,RNA/DNA,0.0088,,Aggregate weight spec 307-309,
3/6/2022,B2,310,N,0,Y,75,SI,,,,
3/6/2022,B2,311,Y,6,Y,75,SI,,,,
3/6/2022,B2,312,Y,11,Y,75,SI,0.00977,,Aggregate weight spec 310-312,
3/6/2022,B2,313,Y,2,Y,76,SI,,,,
3/6/2022,B2,314,Y,2,Y,76,SI,,,,
3/6/2022,B2,315,Y,9,Y,76,SI,0.00906,,Aggregate weight spec 313-315,
3/6/2022,B2,316,Y,1,Y,,CS,,,,
3/6/2022,B2,317,N,0,Y,,CS,,,,
3/6/2022,B2,318,Y,13,Y,,CS,,,,
3/6/2022,B2,319,Y,1,Y,,CS,0.01098,0.75,Aggregate weight spec 316-319; measured one larva separate and added to total mass,
3/6/2022,B1,320,Y,4,Y,77,RNA/DNA,,,,
3/6/2022,B1,321,Y,1,Y,77,RNA/DNA,,,,
3/6/2022,B1,322,N,0,Y,77,RNA/DNA,0.1074,,Aggregate weight spec 320-322,
3/6/2022,B1,323,Y,8,Y,78,RNA/DNA,,,,
3/6/2022,B1,324,Y,2,Y,78,RNA/DNA,,,,
3/6/2022,B1,325,Y,12,Y,78,RNA/DNA,0.0093,,Aggregate weight spec 323-325,
3/6/2022,B1,326,Y,1,Y,79,SI,,,,
3/6/2022,B1,327,Y,1,Y,79,SI,,,,
3/6/2022,B1,328,Y,2,Y,79,SI,0.01127,,Aggregate weight spec 326-328,
3/6/2022,B1,329,Y,7,Y,80,SI,,,,
3/6/2022,B1,330,Y,3,Y,80,SI,,,,
3/6/2022,B1,331,Y,18,Y,80,SI,0.00955,,Aggregate weight spec 329-331,
3/6/2022,B1,332,Y,2,Y,,CS,,,,
3/6/2022,B1,333,Y,6,Y,,CS,,,,
3/6/2022,B1,334,Y,6,Y,,CS,,,,
3/6/2022,B1,335,Y,2,Y,,CS,0.0138,0.9375,Aggregate weight spec 332-335,
3/6/2022,A2,336,N,0,Y,81,RNA/DNA,,,,
3/6/2022,A2,337,Y,2,Y,81,RNA/DNA,,,,
3/6/2022,A2,338,Y,9,Y,81,RNA/DNA,0.00805,,Aggregate weight spec 336-338,
3/6/2022,A2,339,y,5,Y,82,RNA/DNA,,,,
3/6/2022,A2,340,y,4,Y,82,RNA/DNA,,,,
3/6/2022,A2,341,y,6,Y,82,RNA/DNA,0.00735,,Aggregate weight spec 339-341,
3/6/2022,A2,342,N,0,Y,83,SI,,,,
3/6/2022,A2,343,Y,9,Y,83,SI,,,,
3/6/2022,A2,344,N,0,Y,83,SI,0.0079,,Aggregate weight spec 342-344,
3/6/2022,A2,345,Y,1,Y,84,SI,,,,
3/6/2022,A2,346,Y,10,Y,84,SI,,,,
3/6/2022,A2,347,N,0,Y,84,SI,0.00918,,Aggregate weight spec 345-347,
3/6/2022,A2,348,Y,3,Y,,CS,,,,
3/6/2022,A2,349,Y,10,Y,,CS,,,,
3/6/2022,A2,350,Y,4,Y,,CS,,,,
3/6/2022,A2,351,N,0,Y,,CS,0.01223,0.6875,Aggregate weight spec 348-351,
3/6/2022,A1,352,Y,2,Y,85,RNA/DNA,,,,
3/6/2022,A1,353,Y,6,Y,85,RNA/DNA,,,,
3/6/2022,A1,354,Y,8,Y,85,RNA/DNA,0.00767,,Aggregate weight spec 352-354,
3/6/2022,A1,355,N,0,Y,86,RNA/DNA,,,,
3/6/2022,A1,356,Y,1,Y,86,RNA/DNA,,,,
3/6/2022,A1,357,Y,10,Y,86,RNA/DNA,0.00891,,Aggregate weight spec 355-357,
3/6/2022,A1,358,Y,4,N,87,SI,,,,
3/6/2022,A1,359,y,5,N,87,SI,,,,
3/6/2022,A1,360,y,6,N,87,SI,0.00831,,Aggregate weight spec 358-360,
3/6/2022,A1,361,N,0,Y,88,SI,,,,
3/6/2022,A1,362,Y,2,Y,88,SI,,,,
3/6/2022,A1,363,Y,2,Y,88,SI,0.00889,,Aggregate weight spec 361-363,
3/6/2022,A1,364,Y,18,Y,,CS,,,,
3/6/2022,A1,365,Y,5,Y,,CS,,,,
3/6/2022,A1,366,Y,22,Y,,CS,,,,
3/6/2022,A1,367,Y,4,Y,,CS,0.010228,0.875,Aggregate weight spec 364-367,
3/7/2022,B2,368,Y,1,Y,89,RNA/DNA,,,,
3/7/2022,B2,369,Y,2,Y,89,RNA/DNA,,,,
3/7/2022,B2,370,Y,9,Y,89,RNA/DNA,0.011396,,Aggregate weight spec 368-370,
3/7/2022,B2,371,N,0,Y,90,RNA/DNA,,,,
3/7/2022,B2,372,Y,1,Y,90,RNA/DNA,,,,
3/7/2022,B2,373,Y,10,Y,90,RNA/DNA,0.01439,,Aggregate weight spec 371-373,
3/7/2022,B2,374,Y,14,Y,91,SI,,,,
3/7/2022,B2,375,Y,9,Y,91,SI,,,,
3/7/2022,B2,376,N,0,Y,91,SI,0.0101,,Aggregate weight spec 374-376,
3/7/2022,B2,377,Y,8,Y,92,SI,,,,
3/7/2022,B2,378,Y,9,Y,92,SI,,,,
3/7/2022,B2,379,Y,7,Y,92,SI,0.011812,,Aggregate weight spec 377-379,
3/7/2022,B2,380,N,0,Y,,CS,,,,
3/7/2022,B2,381,N,0,Y,,CS,,,,
3/7/2022,B2,382,Y,6,Y,,CS,,,,
3/7/2022,B2,383,Y,4,Y,,CS,0.01296,0.75,Aggregate weight spec 380-383,
3/7/2022,B1,384,Y,1,Y,93,RNA/DNA,,,,
3/7/2022,B1,385,Y,3,Y,93,RNA/DNA,,,,
3/7/2022,B1,386,Y,5,Y,93,RNA/DNA,0.01059,,Aggregate weight spec 384-386,
3/7/2022,B1,387,N,0,Y,94,RNA/DNA,,,,
3/7/2022,B1,388,Y,3,Y,94,RNA/DNA,,,,
3/7/2022,B1,389,Y,1,Y,94,RNA/DNA,0.00904,,Aggregate weight spec 387-389,
3/7/2022,B1,390,Y,6,Y,95,SI,,,,
3/7/2022,B1,391,Y,4,Y,95,SI,,,,
3/7/2022,B1,392,Y,1,Y,95,SI,0.01126,,Aggregate weight spec 390-392,
3/7/2022,B1,393,Y,1,Y,96,SI,,,,
3/7/2022,B1,394,Y,2,Y,96,SI,,,,
3/7/2022,B1,395,N,0,Y,96,SI,0.01015,,Aggregate weight spec 393-395,
3/7/2022,B1,396,N,0,Y,,CS,,,,
3/7/2022,B1,397,Y,1,Y,,CS,,,,
3/7/2022,B1,398,Y,1,Y,,CS,,,,
3/7/2022,B1,399,Y,9,Y,,CS,0.01392,0.8125,Aggregate weight spec 396-399,
3/7/2022,A2,400,N,0,Y,97,RNA/DNA,,,,
3/7/2022,A2,401,Y,3,Y,97,RNA/DNA,,,,
3/7/2022,A2,402,Y,7,Y,97,RNA/DNA,0.01011,,Aggregate weight spec 400-402,
3/7/2022,A2,403,Y,20,Y,98,RNA/DNA,,,,
3/7/2022,A2,404,N,0,Y,98,RNA/DNA,,,,
3/7/2022,A2,405,Y,1,Y,98,RNA/DNA,0.01021,,Aggregate weight spec 403-405,
3/7/2022,A2,406,Y,4,Y,99,SI,,,,
3/7/2022,A2,407,Y,7,Y,99,SI,,,,
3/7/2022,A2,408,Y,10,Y,99,SI,0.00922,,Aggregate weight spec 406-408,
3/7/2022,A2,409,Y,14,Y,100,SI,,,,
3/7/2022,A2,410,Y,5,Y,100,SI,,,,
3/7/2022,A2,411,Y,1,Y,100,SI,0.00881,,Aggregate weight spec 409-411,
3/7/2022,A2,412,Y,2,Y,,CS,,,Dead,
3/7/2022,A2,413,Y,1,Y,,CS,,,,
3/7/2022,A2,414,Y,6,Y,,CS,,,,
3/7/2022,A2,415,Y,3,Y,,CS,0.01109,0.875,Aggregate weight spec 412-415,
3/7/2022,A1,416,Y,11,Y,101,RNA/DNA,,,,
3/7/2022,A1,417,Y,4,Y,101,RNA/DNA,,,,
3/7/2022,A1,418,Y,3,Y,101,RNA/DNA,0.00954,,Aggregate weight spec 416-418,
3/7/2022,A1,419,Y,4,Y,102,RNA/DNA,,,,
3/7/2022,A1,420,Y,3,Y,102,RNA/DNA,,,,
3/7/2022,A1,421,Y,1,Y,102,RNA/DNA,0.0116,,Aggregate weight spec 419-421,
3/7/2022,A1,422,N,0,Y,103,SI,,,,
3/7/2022,A1,423,Y,9,Y,103,SI,,,,
3/7/2022,A1,424,Y,3,Y,103,SI,0.00952,,Aggregate weight spec 422-424,
3/7/2022,A1,425,Y,1,Y,104,SI,,,,
3/7/2022,A1,426,N,0,Y,104,SI,,,,
3/7/2022,A1,427,Y,16,Y,104,SI,0.01052,,Aggregate weight spec 425-427,
3/7/2022,A1,428,Y,8,Y,,CS,,,,
3/7/2022,A1,429,Y,7,Y,,CS,,,,
3/7/2022,A1,430,Y,4,Y,,CS,,,,
3/7/2022,A1,431,Y,10,Y,,CS,0.01085,0.875,Aggregate weight spec 428-431; specimen dead and twisted,
3/8/2022,B2,432,Y,1,Y,105,RNA/DNA,,,,
3/8/2022,B2,433,Y,1,Y,105,RNA/DNA,,,,
3/8/2022,B2,434,Y,7,Y,105,RNA/DNA,0.01197,,Aggregate weight spec 432-434,
3/8/2022,B2,435,Y,1,Y,106,RNA/DNA,,,,
3/8/2022,B2,436,Y,4,Y,106,RNA/DNA,,,,
3/8/2022,B2,437,Y,1,Y,106,RNA/DNA,0.01023,,Aggregate weight spec 435-437,
3/8/2022,B2,438,Y,13,Y,107,SI,,,,
3/8/2022,B2,439,N,0,Y,107,SI,,,,
3/8/2022,B2,440,N,0,Y,107,SI,0.01268,,Aggregate weight spec 438-440,
3/8/2022,B2,441,Y,16,Y,108,SI,,,,
3/8/2022,B2,442,Y,8,Y,108,SI,,,,
3/8/2022,B2,443,N,0,Y,108,SI,0.01192,,Aggregate weight spec 441-443,
3/8/2022,B2,444,N,0,Y,,CS,,,,
3/8/2022,B2,445,Y,1,Y,,CS,,,,
3/8/2022,B2,446,N,0,Y,,CS,,,,
3/8/2022,B2,447,N,0,Y,,CS,0.01294,0.625,Aggregate weight spec 444-447,
3/8/2022,B1,448,Y,1,Y,109,RNA/DNA,,,,
3/8/2022,B1,449,N,0,Y,109,RNA/DNA,,,,
3/8/2022,B1,450,Y,1,Y,109,RNA/DNA,0.00749,,Aggregate weight spec 448-450,
3/8/2022,B1,451,Y,14,Y,110,RNA/DNA,,,,
3/8/2022,B1,452,Y,8,Y,110,RNA/DNA,,,,
3/8/2022,B1,453,Y,4,Y,110,RNA/DNA,0.0987,,Aggregate weight spec 451-453,
3/8/2022,B1,454,Y,4,Y,111,SI,,,,
3/8/2022,B1,455,Y,10,Y,111,SI,,,,
3/8/2022,B1,456,Y,2,Y,111,SI,0.0095,,Aggregate weight spec 454-456,
3/8/2022,B1,457,Y,6,Y,112,SI,,,,
3/8/2022,B1,458,Y,2,Y,112,SI,,,,
3/8/2022,B1,459,Y,8,Y,112,SI,0.0101,,Aggregate weight spec 457-459,
3/8/2022,B1,460,Y,4,Y,,CS,,,,
3/8/2022,B1,461,Y,3,Y,,CS,,,,
3/8/2022,B1,462,N,0,Y,,CS,,,,
3/8/2022,B1,463,Y,1,Y,,CS,0.01359,0.875,Aggregate weight spec 460-463,
3/8/2022,A2,464,Y,2,Y,113,RNA/DNA,,,,
3/8/2022,A2,465,N,0,Y,113,RNA/DNA,,,,
3/8/2022,A2,466,Y,1,Y,113,RNA/DNA,0.0077,,Aggregate weight spec 464-466,
3/8/2022,A2,467,Y,9,Y,114,RNA/DNA,,,,
3/8/2022,A2,468,Y,3,Y,114,RNA/DNA,,,,
3/8/2022,A2,469,N,0,Y,114,RNA/DNA,0.00806,,Aggregate weight spec 467-469,
3/8/2022,A2,470,Y,1,Y,115,SI,,,,
3/8/2022,A2,471,Y,2,Y,115,SI,,,,
3/8/2022,A2,472,Y,1,Y,115,SI,0.00787,,Aggregate weight spec 470-472,
3/8/2022,A2,473,Y,9,Y,116,SI,,,,
3/8/2022,A2,474,Y,4,Y,116,SI,,,,
3/8/2022,A2,475,N,0,Y,116,SI,0.008,,Aggregate weight spec 473-475,
3/8/2022,A2,476,Y,3,Y,,CS,,,,
3/8/2022,A2,477,Y,13,Y,,CS,,,,
3/8/2022,A2,478,N,0,Y,,CS,,,,
3/8/2022,A2,479,Y,8,Y,,CS,0.01063,0.75,Aggregate weight spec 476-479,
3/8/2022,A1,480,Y,6,Y,117,RNA/DNA,,,,
3/8/2022,A1,481,N,0,Y,117,RNA/DNA,,,,
3/8/2022,A1,482,Y,2,Y,117,RNA/DNA,0.0086,,Aggregate weight spec 480-482,
3/8/2022,A1,483,Y,2,Y,118,RNA/DNA,,,,
3/8/2022,A1,484,Y,5,Y,118,RNA/DNA,,,,
3/8/2022,A1,485,Y,7,Y,118,RNA/DNA,0.00822,,Aggregate weight spec 483-485,
3/8/2022,A1,486,Y,3,Y,119,SI,,,,
3/8/2022,A1,487,Y,1,Y,119,SI,,,,
3/8/2022,A1,488,Y,2,Y,119,SI,0.00668,,Aggregate weight spec 486-488,
3/8/2022,A1,489,Y,3,Y,120,SI,,,,
3/8/2022,A1,490,Y,9,Y,120,SI,,,,
3/8/2022,A1,491,Y,1,Y,120,SI,0.0084,,Aggregate weight spec 489-491,
3/8/2022,A1,492,Y,12,Y,,CS,,,,
3/8/2022,A1,493,N,0,Y,,CS,,,,
3/8/2022,A1,494,Y,2,Y,,CS,,,,
3/8/2022,A1,495,Y,2,Y,,CS,0.01047,0.875,Aggregate weight spec 492-495,
3/9/2022,B2,496,Y,1,Y,121,RNA/DNA,,,,
3/9/2022,B2,497,Y,2,Y,121,RNA/DNA,,,,
3/9/2022,B2,498,Y,1,Y,121,RNA/DNA,0.010328,,Aggregate weight spec 496-498,
3/9/2022,B2,499,N,0,Y,122,RNA/DNA,,,,
3/9/2022,B2,500,N,0,Y,122,RNA/DNA,,,,
3/9/2022,B2,501,Y,3,Y,122,RNA/DNA,0.009341,,Aggregate weight spec 499-501,
3/9/2022,B2,502,N,0,Y,123,SI,,,,
3/9/2022,B2,503,N,0,Y,123,SI,,,,
3/9/2022,B2,504,Y,1,Y,123,SI,0.01054,,Aggregate weight spec 502-504,
3/9/2022,B2,505,N,0,Y,124,SI,,,,
3/9/2022,B2,506,Y,1,Y,124,SI,,,,
3/9/2022,B2,507,Y,2,Y,124,SI,0.00935,,Aggregate weight spec 505-507,
3/9/2022,B2,508,Y,1,Y,,CS,,,,
3/9/2022,B2,509,N,0,Y,,CS,,,,
3/9/2022,B2,510,N,0,Y,,CS,,,,
3/9/2022,B2,511,Y,2,Y,,CS,0.01483,0.5625,Aggregate weight spec 508-511,
3/9/2022,B1,512,Y,1,Y,125,RNA/DNA,,,,
3/9/2022,B1,513,N,0,Y,125,RNA/DNA,,,,
3/9/2022,B1,514,Y,1,Y,125,RNA/DNA,0.01152,,Aggregate weight spec 512-514,
3/9/2022,B1,515,N,0,Y,126,RNA/DNA,,,,
3/9/2022,B1,516,N,0,Y,126,RNA/DNA,,,,
3/9/2022,B1,517,Y,2,Y,126,RNA/DNA,0.01264,,Aggregate weight spec 515-517,
3/9/2022,B1,518,Y,1,Y,127,SI,,,,
3/9/2022,B1,519,Y,2,Y,127,SI,,,,
3/9/2022,B1,520,Y,2,Y,127,SI,0.01036,,Aggregate weight spec 518-520,
3/9/2022,B1,521,N,0,Y,128,SI,,,,
3/9/2022,B1,522,Y,8,Y,128,SI,,,,
3/9/2022,B1,523,Y,2,Y,128,SI,0.01278,,Aggregate weight spec 521-523,
3/9/2022,B1,524,Y,2,Y,,CS,,,,
3/9/2022,B1,525,Y,2,Y,,CS,,,,
3/9/2022,B1,526,Y,1,Y,,CS,,,,
3/9/2022,B1,527,Y,1,Y,,CS,0.0153,0.75,Aggregate weight spec 524-527,
3/9/2022,A2,528,Y,1,Y,129,RNA/DNA,,,,
3/9/2022,A2,529,Y,2,Y,129,RNA/DNA,,,,
3/9/2022,A2,530,N,0,Y,129,RNA/DNA,0.00888,,Aggregate weight spec 528-530,
3/9/2022,A2,531,Y,1,Y,130,RNA/DNA,,,,
3/9/2022,A2,532,N,0,Y,130,RNA/DNA,,,,
3/9/2022,A2,533,N,0,Y,130,RNA/DNA,0.01027,,Aggregate weight spec 531-533,
3/9/2022,A2,534,Y,3,Y,131,SI,,,,
3/9/2022,A2,535,Y,5,Y,131,SI,,,,
3/9/2022,A2,536,Y,7,Y,131,SI,0.0106,,Aggregate weight spec 534-536,
3/9/2022,A2,537,Y,1,Y,132,SI,,,,
3/9/2022,A2,538,Y,1,Y,132,SI,,,,
3/9/2022,A2,539,Y,8,Y,132,SI,0.00946,,Aggregate weight spec 537-539,
3/9/2022,A2,540,Y,1,Y,,CS,,,,
3/9/2022,A2,541,Y,1,Y,,CS,,,,
3/9/2022,A2,542,N,0,Y,,CS,,,,
3/9/2022,A2,543,Y,2,Y,,CS,0.0118,0.75,Aggregate weight spec 540-543,
3/9/2022,A1,544,Y,15,N,133,SI,,,,
3/9/2022,A1,545,Y,2,N,133,SI,,,,
3/9/2022,A1,546,Y,1,N,133,SI,0.00866,,Aggregate weight spec 544-546,
3/9/2022,A1,547,Y,8,Y,134,RNA/DNA,,,,
3/9/2022,A1,548,Y,12,Y,134,RNA/DNA,,,,
3/9/2022,A1,549,Y,10,Y,134,RNA/DNA,0.00924,,Aggregate weight spec 547-549,
3/9/2022,A1,550,Y,8,Y,135,RNA/DNA,,,,
3/9/2022,A1,551,Y,14,Y,135,RNA/DNA,,,,
3/9/2022,A1,552,Y,1,Y,135,RNA/DNA,0.01074,,Aggregate weight spec 550-552,
3/9/2022,A1,553,Y,2,Y,136,SI,,,,
3/9/2022,A1,554,Y,14,Y,136,SI,,,,
3/9/2022,A1,555,Y,5,Y,136,SI,0.01032,,Aggregate weight spec 553-555,
3/9/2022,A1,556,Y,5,N,,CS,,,,
3/9/2022,A1,557,N,0,N,,CS,,,,
3/9/2022,A1,558,Y,4,N,,CS,0.00892,0.933333333,Aggregate weight spec 556-558,
3/10/2022,B2,559,N,0,Y,137,RNA/DNA,,,,
3/10/2022,B2,560,Y,1,Y,137,RNA/DNA,,,,
3/10/2022,B2,561,Y,5,Y,137,RNA/DNA,0.011506,,Aggregate weight spec 559-561,
3/10/2022,B2,562,N,0,Y,138,RNA/DNA,,,,
3/10/2022,B2,563,N,0,Y,138,RNA/DNA,,,,
3/10/2022,B2,564,Y,3,Y,138,RNA/DNA,0.01173,,Aggregate weight spec 562-564,
3/10/2022,B2,565,N,0,Y,139,SI,,,,
3/10/2022,B2,566,N,0,Y,139,SI,,,,
3/10/2022,B2,567,N,0,Y,139,SI,0.01063,,Aggregate weight spec 565-567,
3/10/2022,B2,568,N,0,Y,140,SI,,,,
3/10/2022,B2,569,N,0,Y,140,SI,,,,
3/10/2022,B2,570,Y,4,Y,140,SI,0.01215,,Aggregate weight spec 568-570,
3/10/2022,B2,571,Y,1,Y,,CS,,,,
3/10/2022,B2,572,Y,2,Y,,CS,,,,
3/10/2022,B2,573,Y,2,Y,,CS,,,,
3/10/2022,B2,574,Y,2,Y,,CS,0.01389,0.533333333,Aggregate weight spec 572-574,
3/10/2022,B1,575,Y,7,Y,141,RNA/DNA,,,,
3/10/2022,B1,576,Y,2,Y,141,RNA/DNA,,,,
3/10/2022,B1,577,Y,2,Y,141,RNA/DNA,0.01083,,Aggregate weight spec 575-577,
3/10/2022,B1,578,Y,1,Y,142,RNA/DNA,,,,
3/10/2022,B1,579,Y,1,Y,142,RNA/DNA,,,,
3/10/2022,B1,580,N,0,Y,142,RNA/DNA,0.01039,,Aggregate weight spec 578-580,
3/10/2022,B1,581,Y,1,Y,143,SI,,,,
3/10/2022,B1,582,Y,1,Y,143,SI,,,,
3/10/2022,B1,583,Y,2,Y,143,SI,0.01069,,Aggregate weight spec 581-583,
3/10/2022,B1,584,Y,1,Y,144,SI,,,,
3/10/2022,B1,585,Y,4,Y,144,SI,,,,
3/10/2022,B1,586,Y,1,Y,144,SI,0.01082,,Aggregate weight spec 584-586,
3/10/2022,B1,587,Y,8,Y,,CS,,,,
3/10/2022,B1,588,Y,1,Y,,CS,,,,
3/10/2022,B1,589,Y,4,Y,,CS,,,,
3/10/2022,B1,590,Y,11,Y,,CS,0.01574,0.933333333,Aggregate weight spec 588-590,
3/10/2022,A2,591,N,0,Y,145,RNA/DNA,,,,
3/10/2022,A2,592,N,0,Y,145,RNA/DNA,,,,
3/10/2022,A2,593,Y,3,Y,145,RNA/DNA,0.00931,,Aggregate weight spec 591-593,
3/10/2022,A2,594,Y,1,Y,146,RNA/DNA,,,,
3/10/2022,A2,595,Y,4,Y,146,RNA/DNA,,,,
3/10/2022,A2,596,N,0,Y,146,RNA/DNA,0.01082,,Aggregate weight spec 594-596,
3/10/2022,A2,597,Y,1,Y,147,SI,,,,
3/10/2022,A2,598,N,0,y,147,SI,,,,
3/10/2022,A2,599,Y,3,Y,147,SI,0.01212,,Aggregate weight spec 597-599,
3/10/2022,A2,600,N,0,Y,148,SI,,,,
3/10/2022,A2,601,Y,13,Y,148,SI,,,,
3/10/2022,A2,602,Y,5,Y,148,SI,0.01119,,Aggregate weight spec 600-602,
3/10/2022,A2,603,Y,2,Y,,CS,,,,
3/10/2022,A2,604,Y,1,Y,,CS,,,,
3/10/2022,A2,605,N,0,Y,,CS,,,,
3/10/2022,A2,606,Y,2,Y,,CS,0.014014,0.666666667,Aggregate weight spec 604-606,
3/10/2022,A1,607,Y,3,Y,149,RNA/DNA,,,,
3/10/2022,A1,608,Y,16,Y,149,RNA/DNA,,,,
3/10/2022,A1,609,Y,1,Y,149,RNA/DNA,0.01176,,Aggregate weight spec 607-609,
3/10/2022,A1,610,Y,3,Y,150,RNA/DNA,,,,
3/10/2022,A1,611,Y,15,Y,150,RNA/DNA,,,,
3/10/2022,A1,612,Y,1,Y,150,RNA/DNA,0.012939,,Aggregate weight spec 610-612,
3/10/2022,A1,613,Y,4,Y,151,SI,,,,
3/10/2022,A1,614,Y,2,Y,151,SI,,,,
3/10/2022,A1,615,Y,2,Y,151,SI,0.01091,,Aggregate weight spec 613-615,
3/10/2022,A1,616,Y,5,Y,152,SI,,,,
3/10/2022,A1,617,Y,9,Y,152,SI,,,,
3/10/2022,A1,618,Y,1,Y,152,SI,0.01353,,Aggregate weight spec 616-618,
3/10/2022,A1,619,Y,3,Y,,CS,,,,
3/10/2022,A1,620,N,0,Y,,CS,,,,
3/10/2022,A1,621,Y,3,Y,,CS,,,,
3/10/2022,A1,622,Y,6,Y,,CS,0.01518,0.933333333,Aggregate weight spec 620-622,
3/11/2022,B2,623,N,0,Y,153,RNA/DNA,,,,
3/11/2022,B2,624,Y,1,Y,153,RNA/DNA,,,,
3/11/2022,B2,625,Y,2,Y,153,RNA/DNA,0.009978,,Aggregate weight spec 623-625,
3/11/2022,B2,626,Y,1,Y,154,RNA/DNA,,,,
3/11/2022,B2,627,Y,6,Y,154,RNA/DNA,,,,
3/11/2022,B2,628,Y,8,Y,154,RNA/DNA,0.0112,,Aggregate weight spec 626-628,
3/11/2022,B2,629,N,0,Y,155,SI,,,,
3/11/2022,B2,630,N,0,Y,155,SI,,,,
3/11/2022,B2,631,N,0,Y,155,SI,0.01106,,Aggregate weight spec 629-631,
3/11/2022,B2,632,N,0,Y,156,SI,,,,
3/11/2022,B2,633,N,0,Y,156,SI,,,,
3/11/2022,B2,634,Y,2,Y,156,SI,0.01017,,Aggregate weight spec 632-634,
3/11/2022,B2,635,Y,1,Y,,CS,,,,
3/11/2022,B2,636,N,0,Y,,CS,,,,
3/11/2022,B2,637,Y,10,Y,,CS,,,,
3/11/2022,B2,638,Y,2,Y,,CS,0.01403,0.6,Aggregate weight spec 635-638,
3/11/2022,B1,639,N,0,Y,157,RNA/DNA,,,,
3/11/2022,B1,640,N,0,Y,157,RNA/DNA,,,,
3/11/2022,B1,641,Y,1,Y,157,RNA/DNA,0.01103,,Aggregate weight spec 639-641,
3/11/2022,B1,642,Y,1,Y,158,RNA/DNA,,,,
3/11/2022,B1,643,Y,4,Y,158,RNA/DNA,,,,
3/11/2022,B1,644,N,0,Y,158,RNA/DNA,0.01314,,Aggregate weight spec 642-644,
3/11/2022,B1,645,Y,1,Y,159,SI,,,,
3/11/2022,B1,646,Y,2,Y,159,SI,,,,
3/11/2022,B1,647,N,0,Y,159,SI,0.01219,,Aggregate weight spec 645-647,
3/11/2022,B1,648,N,0,Y,160,SI,,,,
3/11/2022,B1,649,N,0,Y,160,SI,,,,
3/11/2022,B1,650,N,0,Y,160,SI,0.01136,,Aggregate weight spec 648-650,
3/11/2022,B1,651,N,0,Y,,CS,,,,
3/11/2022,B1,652,Y,1,Y,,CS,,,,
3/11/2022,B1,653,N,0,Y,,CS,,,,
3/11/2022,B1,654,Y,1,Y,,CS,0.01626,0.466666667,Aggregate weight spec 651-654,
3/11/2022,A2,655,Y,1,Y,161,RNA/DNA,,,,
3/11/2022,A2,656,Y,5,Y,161,RNA/DNA,,,,
3/11/2022,A2,657,Y,13,Y,161,RNA/DNA,0.00921,,Aggregate weight spec 655-657,
3/11/2022,A2,658,Y,3,Y,162,RNA/DNA,,,,
3/11/2022,A2,659,Y,2,Y,162,RNA/DNA,,,,
3/11/2022,A2,660,Y,2,Y,162,RNA/DNA,0.00975,,Aggregate weight spec 658-660,
3/11/2022,A2,661,Y,4,Y,163,SI,,,,
3/11/2022,A2,662,N,0,Y,163,SI,,,,
3/11/2022,A2,663,Y,8,Y,163,SI,0.00913,,Aggregate weight spec 661-663,
3/11/2022,A2,664,Y,2,Y,164,SI,,,,
3/11/2022,A2,665,N,0,Y,164,SI,,,,
3/11/2022,A2,666,Y,3,Y,164,SI,0.00801,,Aggregate weight spec 664-666,
3/11/2022,A2,667,Y,5,Y,,CS,,,,
3/11/2022,A2,668,Y,6,Y,,CS,,,,
3/11/2022,A2,669,N,0,Y,,CS,,,,
3/11/2022,A2,670,Y,2,Y,,CS,0.01228,0.8,Aggregate weight spec 667-670,
3/11/2022,A1,671,Y,7,Y,165,RNA/DNA,,,,
3/11/2022,A1,672,Y,2,Y,165,RNA/DNA,,,,
3/11/2022,A1,673,Y,9,Y,165,RNA/DNA,0.01154,,Aggregate weight spec 671-673,
3/11/2022,A1,674,Y,6,Y,166,RNA/DNA,,,,
3/11/2022,A1,675,N,0,Y,166,RNA/DNA,,,,
3/11/2022,A1,676,Y,3,Y,166,RNA/DNA,0.01098,,Aggregate weight spec 674-676,
3/11/2022,A1,677,Y,1,Y,167,SI,,,,
3/11/2022,A1,678,Y,1,Y,167,SI,,,,
3/11/2022,A1,679,Y,12,Y,167,SI,0.01054,,Aggregate weight spec 677-679,
3/11/2022,A1,680,Y,1,Y,168,SI,,,,
3/11/2022,A1,681,Y,2,Y,168,SI,,,,
3/11/2022,A1,682,Y,1,Y,168,SI,0.01223,,Aggregate weight spec 680-682,
3/11/2022,A1,683,Y,8,Y,,CS,,,,
3/11/2022,A1,684,Y,3,Y,,CS,,,,
3/11/2022,A1,685,Y,4,Y,,CS,,,,
3/11/2022,A1,686,Y,1,Y,,CS,0.0168,0.933333333,Aggregate weight spec 683-686,
3/12/2022,B2,687,N,0,Y,169,RNA/DNA,,,,
3/12/2022,B2,688,N,0,Y,169,RNA/DNA,,,,
3/12/2022,B2,689,N,0,Y,169,RNA/DNA,0.010023,,Aggregate weight spec 687-689,
3/12/2022,B2,690,N,0,Y,170,RNA/DNA,,,,
3/12/2022,B2,691,N,0,Y,170,RNA/DNA,,,,
3/12/2022,B2,692,N,0,Y,170,RNA/DNA,0.01086,,Aggregate weight spec 690-692,
3/12/2022,B2,693,N,0,Y,171,SI,,,,
3/12/2022,B2,694,Y,3,Y,171,SI,,,,
3/12/2022,B2,695,Y,2,Y,171,SI,0.01065,,Aggregate weight spec 693-695,
3/12/2022,B2,696,Y,1,Y,172,SI,,,,
3/12/2022,B2,697,N,0,Y,172,SI,,,,
3/12/2022,B2,698,N,0,Y,172,SI,0.0099,,Aggregate weight spec 696-698,
3/12/2022,B2,699,Y,1,Y,,CS,,,,
3/12/2022,B2,700,Y,2,Y,,CS,,,,
3/12/2022,B2,701,Y,1,Y,,CS,,,,
3/12/2022,B2,702,N,0,Y,,CS,0.01486,0.4,Aggregate weight spec 699-702,
3/12/2022,B1,703,Y,1,Y,173,RNA/DNA,,,,
3/12/2022,B1,704,N,0,Y,173,RNA/DNA,,,,
3/12/2022,B1,705,N,0,Y,173,RNA/DNA,0.0122,,Aggregate weight spec 703-705,
3/12/2022,B1,706,N,0,Y,174,RNA/DNA,,,,
3/12/2022,B1,707,Y,1,Y,174,RNA/DNA,,,,
3/12/2022,B1,708,Y,1,Y,174,RNA/DNA,0.0131,,Aggregate weight spec 706-708,
3/12/2022,B1,709,Y,1,Y,175,SI,,,,
3/12/2022,B1,710,Y,1,Y,175,SI,,,,
3/12/2022,B1,711,Y,1,Y,175,SI,0.01285,,Aggregate weight spec 709-711,
3/12/2022,B1,712,Y,1,Y,176,SI,,,,
3/12/2022,B1,713,N,0,Y,176,SI,,,,
3/12/2022,B1,714,Y,3,Y,176,SI,0.0121,,Aggregate weight spec 712-714,
3/12/2022,B1,715,Y,1,Y,,CS,,,,
3/12/2022,B1,716,Y,9,Y,,CS,,,,
3/12/2022,B1,717,Y,1,Y,,CS,,,,
3/12/2022,B1,718,N,0,Y,,CS,0.01568,0.666666667,Aggregate weight spec 715-718,
3/12/2022,A2,719,Y,1,Y,177,RNA/DNA,,,,
3/12/2022,A2,720,N,0,Y,177,RNA/DNA,,,,
3/12/2022,A2,721,Y,2,Y,177,RNA/DNA,0.01242,,Aggregate weight spec 719-721,
3/12/2022,A2,722,Y,4,Y,178,RNA/DNA,,,,
3/12/2022,A2,723,Y,1,Y,178,RNA/DNA,,,,
3/12/2022,A2,724,N,0,Y,178,RNA/DNA,0.01022,,Aggregate weight spec 722-724,
3/12/2022,A2,725,Y,9,Y,179,SI,,,,
3/12/2022,A2,726,Y,6,Y,179,SI,,,,
3/12/2022,A2,727,N,0,Y,179,SI,0.01135,,Aggregate weight spec 725-727,
3/12/2022,A2,728,N,0,Y,180,SI,,,,
3/12/2022,A2,729,Y,8,Y,180,SI,,,,
3/12/2022,A2,730,Y,1,Y,180,SI,0.01093,,Aggregate weight spec 728-730,
3/12/2022,A2,731,Y,1,Y,,CS,,,,
3/12/2022,A2,732,Y,1,Y,,CS,,,,
3/12/2022,A2,733,N,0,Y,,CS,,,,
3/12/2022,A2,734,N,0,Y,,CS,0.01474,0.642857143,Aggregate weight spec 731-734,
3/12/2022,A1,735,N,0,Y,181,RNA/DNA,,,,
3/12/2022,A1,736,N,0,Y,181,RNA/DNA,,,,
3/12/2022,A1,737,N,0,Y,181,RNA/DNA,0.00805,,Aggregate weight spec 735-737,
3/12/2022,A1,738,Y,9,Y,182,RNA/DNA,,,,
3/12/2022,A1,739,Y,2,Y,182,RNA/DNA,,,,
3/12/2022,A1,740,Y,1,Y,182,RNA/DNA,0.01023,,Aggregate weight spec 738-740,
3/12/2022,A1,741,N,0,Y,183,SI,,,,
3/12/2022,A1,742,N,0,Y,183,SI,,,,
3/12/2022,A1,743,Y,1,Y,183,SI,0.00829,,Aggregate weight spec 741-743,
3/12/2022,A1,744,Y,12,Y,184,SI,,,,
3/12/2022,A1,745,N,0,Y,184,SI,,,,
3/12/2022,A1,746,N,0,Y,184,SI,0.00906,,Aggregate weight spec 744-746,
3/12/2022,A1,747,N,0,Y,,CS,,,,
3/12/2022,A1,748,Y,4,Y,,CS,,,,
3/12/2022,A1,749,N,0,Y,,CS,,,,
3/12/2022,A1,750,N,0,Y,,CS,,,,
3/12/2022,A1,751,Y,2,Y,,CS,0.01412,0.411764706,Aggregate weight spec 747-751,
3/13/2022,B2,752,N,0,Y,185,RNA/DNA,,,,
3/13/2022,B2,753,Y,2,Y,185,RNA/DNA,,,,
3/13/2022,B2,754,N,0,Y,185,RNA/DNA,0.008149,,Aggregate weight spec 752-754,
3/13/2022,B2,755,Y,10,Y,186,RNA/DNA,,,,
3/13/2022,B2,756,Y,7,Y,186,RNA/DNA,,,,
3/13/2022,B2,757,Y,2,Y,186,RNA/DNA,0.00866,,Aggregate weight spec 755-757,
3/13/2022,B2,758,N,0,Y,187,SI,,,,
3/13/2022,B2,759,N,0,Y,187,SI,,,,
3/13/2022,B2,760,N,0,Y,187,SI,0.00863,,Aggregate weight spec 758-760,
3/13/2022,B2,761,Y,1,Y,188,SI,,,,
3/13/2022,B2,762,Y,6,Y,188,SI,,,,
3/13/2022,B2,763,Y,1,Y,188,SI,0.00893,,Aggregate weight spec 761-763,
3/13/2022,B2,764,Y,6,Y,,CS,,,,
3/13/2022,B2,765,Y,7,Y,,CS,,,,
3/13/2022,B2,766,Y,3,Y,,CS,,,,
3/13/2022,B2,767,Y,2,Y,,CS,0.0106,0.6875,Aggregate weight spec 764-767,
3/13/2022,B1,768,N,0,Y,189,RNA/DNA,,,,
3/13/2022,B1,769,N,0,Y,189,RNA/DNA,,,,
3/13/2022,B1,770,N,0,Y,189,RNA/DNA,0.009809,,Aggregate weight spec 768-770,
3/13/2022,B1,771,Y,1,Y,190,RNA/DNA,,,,
3/13/2022,B1,772,N,0,Y,190,RNA/DNA,,,,
3/13/2022,B1,773,N,0,Y,190,RNA/DNA,0.00999,,Aggregate weight spec 771-773,
3/13/2022,B1,774,Y,1,Y,191,SI,,,,
3/13/2022,B1,775,Y,2,Y,191,SI,,,,
3/13/2022,B1,776,Y,1,Y,191,SI,0.00913,,Aggregate weight spec 774-776,
3/13/2022,B1,777,Y,1,Y,192,SI,,,,
3/13/2022,B1,778,Y,1,Y,192,SI,,,,
3/13/2022,B1,779,N,0,Y,192,SI,0.00938,,Aggregate weight spec 777-779,
3/13/2022,B1,780,Y,1,Y,,CS,,,,
3/13/2022,B1,781,Y,2,Y,,CS,,,,
3/13/2022,B1,782,Y,3,Y,,CS,,,,
3/13/2022,B1,783,Y,3,Y,,CS,0.01126,0.625,Aggregate weight spec 780-783,
3/13/2022,A2,784,N,0,Y,193,RNA/DNA,,,,
3/13/2022,A2,785,Y,1,Y,193,RNA/DNA,,,,
3/13/2022,A2,786,Y,2,Y,193,RNA/DNA,0.00847,,Aggregate weight spec 784-786,
3/13/2022,A2,787,Y,1,Y,194,RNA/DNA,,,,
3/13/2022,A2,788,Y,10,Y,194,RNA/DNA,,,,
3/13/2022,A2,789,Y,3,Y,194,RNA/DNA,0.0086,,Aggregate weight spec 787-789,
3/13/2022,A2,790,Y,2,Y,195,SI,,,,
3/13/2022,A2,791,N,0,Y,195,SI,,,,
3/13/2022,A2,792,Y,7,Y,195,SI,0.00853,,Aggregate weight spec 790-792,
3/13/2022,A2,793,Y,3,Y,196,SI,,,,
3/13/2022,A2,794,N,0,Y,196,SI,,,,
3/13/2022,A2,795,Y,8,Y,196,SI,0.007829,,Aggregate weight spec 793-795,
3/13/2022,A2,796,N,0,Y,,CS,,,,
3/13/2022,A2,797,Y,2,Y,,CS,,,,
3/13/2022,A2,798,Y,1,Y,,CS,0.00738,0.733333333,Aggregate weight spec 796-798,
3/13/2022,A1,799,Y,3,Y,197,RNA/DNA,,,,
3/13/2022,A1,800,N,0,Y,197,RNA/DNA,,,,
3/13/2022,A1,801,N,0,Y,197,RNA/DNA,0.00989,,Aggregate weight spec 799-801,
3/13/2022,A1,802,Y,5,Y,198,RNA/DNA,,,,
3/13/2022,A1,803,Y,1,Y,198,RNA/DNA,,,,
3/13/2022,A1,804,N,0,Y,198,RNA/DNA,0.00937,,Aggregate weight spec 802-804,
3/13/2022,A1,805,Y,4,Y,199,SI,,,,
3/13/2022,A1,806,Y,3,Y,199,SI,,,,
3/13/2022,A1,807,N,0,Y,199,SI,0.01015,,Aggregate weight spec 805-807,
3/13/2022,A1,808,Y,11,Y,200,SI,,,,
3/13/2022,A1,809,Y,1,Y,200,SI,,,,
3/13/2022,A1,810,N,0,Y,200,SI,0.00862,,Aggregate weight spec 808-810,
3/13/2022,A1,811,Y,2,Y,,CS,,,,
3/13/2022,A1,812,Y,5,Y,,CS,,,,
3/13/2022,A1,813,N,0,Y,,CS,,,,
3/13/2022,A1,814,N,0,Y,,CS,0.010255,0.5625,Aggregate weight spec 811-814,
3/14/2022,B2,815,Y,1,Y,201,RNA/DNA,,,,
3/14/2022,B2,816,Y,1,Y,201,RNA/DNA,,,,
3/14/2022,B2,817,Y,3,Y,201,RNA/DNA,0.009102,,Aggregate weight spec 815-817,
3/14/2022,B2,818,Y,5,Y,202,RNA/DNA,,,,
3/14/2022,B2,819,Y,6,Y,202,RNA/DNA,,,,
3/14/2022,B2,820,Y,1,Y,202,RNA/DNA,0.00908,,Aggregate weight spec 818-820,
3/14/2022,B2,821,Y,2,Y,203,SI,,,,
3/14/2022,B2,822,Y,2,Y,203,SI,,,,
3/14/2022,B2,823,N,0,Y,203,SI,0.00841,,Aggregate weight spec 821-823,
3/14/2022,B2,824,N,0,Y,204,SI,,,,
3/14/2022,B2,825,Y,2,Y,204,SI,,,,
3/14/2022,B2,826,N,0,Y,204,SI,0.00981,,Aggregate weight spec 824-826,
3/14/2022,B2,827,Y,2,Y,,CS,,,,
3/14/2022,B2,828,N,0,Y,,CS,,,,
3/14/2022,B2,829,Y,8,Y,,CS,,,,
3/14/2022,B2,830,Y,4,Y,,CS,0.01046,0.75,Aggregate weight spec 827-830,
3/14/2022,B1,831,Y,1,Y,205,RNA/DNA,,,,
3/14/2022,B1,832,Y,5,Y,205,RNA/DNA,,,,
3/14/2022,B1,833,Y,1,Y,205,RNA/DNA,0.01048,,Aggregate weight spec 831-833,
3/14/2022,B1,834,Y,1,Y,206,RNA/DNA,,,,
3/14/2022,B1,835,Y,2,Y,206,RNA/DNA,,,,
3/14/2022,B1,836,Y,2,Y,206,RNA/DNA,0.01058,,Aggregate weight spec 834-836,
3/14/2022,B1,837,N,0,Y,207,SI,,,,
3/14/2022,B1,838,Y,5,Y,207,SI,,,,
3/14/2022,B1,839,N,0,Y,207,SI,0.01071,,Aggregate weight spec 837-839,
3/14/2022,B1,840,Y,1,Y,208,SI,,,,
3/14/2022,B1,841,N,0,Y,208,SI,,,,
3/14/2022,B1,842,N,0,Y,208,SI,0.01046,,Aggregate weight spec 839-842,
3/14/2022,B1,843,Y,4,Y,,CS,,,,
3/14/2022,B1,844,Y,1,Y,,CS,,,,
3/14/2022,B1,845,N,0,Y,,CS,,,,
3/14/2022,B1,846,N,0,Y,,CS,0.01095,0.625,Aggregate weight spec 843-846,
3/14/2022,A2,847,Y,1,Y,209,RNA/DNA,,,,
3/14/2022,A2,848,N,0,Y,209,RNA/DNA,,,,
3/14/2022,A2,849,N,0,Y,209,RNA/DNA,0.007145,,Aggregate weight spec 847-849,
3/14/2022,A2,850,Y,1,Y,210,RNA/DNA,,,,
3/14/2022,A2,851,Y,1,Y,210,RNA/DNA,,,,
3/14/2022,A2,852,Y,1,Y,210,RNA/DNA,0.008827,,Aggregate weight spec 850-852,
3/14/2022,A2,853,Y,1,Y,211,SI,,,,
3/14/2022,A2,854,Y,5,Y,211,SI,,,,
3/14/2022,A2,855,N,0,Y,211,SI,0.00844,,Aggregate weight spec 853-855,
3/14/2022,A2,856,N,0,Y,212,SI,,,,
3/14/2022,A2,857,Y,2,Y,212,SI,,,,
3/14/2022,A2,858,N,0,Y,212,SI,0.007919,,Aggregate weight spec 856-858,
3/14/2022,A2,859,Y,1,Y,,CS,,,,
3/14/2022,A2,860,Y,2,Y,,CS,,,,
3/14/2022,A2,861,N,0,Y,,CS,,,,
3/14/2022,A2,862,N,0,Y,,CS,0.00935,0.5625,Aggregate weight spec 859-862,
3/14/2022,A1,863,Y,8,Y,213,RNA/DNA,,,,
3/14/2022,A1,864,Y,3,Y,213,RNA/DNA,,,,
3/14/2022,A1,865,Y,5,Y,213,RNA/DNA,0.00934,,Aggregate weight spec 863-865,
3/14/2022,A1,866,N,0,Y,214,RNA/DNA,,,,
3/14/2022,A1,867,N,0,Y,214,RNA/DNA,,,,
3/14/2022,A1,868,N,0,Y,214,RNA/DNA,0.00985,,Aggregate weight spec 866-868,
3/14/2022,A1,869,Y,2,Y,215,SI,,,,
3/14/2022,A1,870,N,0,Y,215,SI,,,,
3/14/2022,A1,871,N,0,Y,215,SI,0.00987,,Aggregate weight spec 869-871,
3/14/2022,A1,872,Y,2,Y,216,SI,,,,
3/14/2022,A1,873,Y,1,Y,216,SI,,,,
3/14/2022,A1,874,Y,5,Y,216,SI,0.00786,,Aggregate weight spec 872-874,
3/14/2022,A1,875,N,0,Y,,CS,,,,
3/14/2022,A1,876,Y,2,Y,,CS,,,,
3/14/2022,A1,877,N,0,Y,,CS,,,,
3/14/2022,A1,878,Y,3,Y,,CS,0.01238,0.5625,Aggregate weight spec 875-878,
3/15/2022,B2,879,Y,1,Y,217,RNA/DNA,,,,
3/15/2022,B2,880,Y,3,Y,217,RNA/DNA,,,,
3/15/2022,B2,881,N,0,Y,217,RNA/DNA,0.007413,,Aggregate weight spec 879-881,
3/15/2022,B2,882,N,0,Y,218,RNA/DNA,,,,
3/15/2022,B2,883,Y,1,Y,218,RNA/DNA,,,,
3/15/2022,B2,884,Y,2,Y,218,RNA/DNA,0.00919,,Aggregate weight spec 882-884,
3/15/2022,B2,885,N,0,Y,219,SI,,,,
3/15/2022,B2,886,Y,1,Y,219,SI,,,,
3/15/2022,B2,887,N,0,Y,219,SI,0.00905,,Aggregate weight spec 885-887,
3/15/2022,B2,888,Y,1,Y,220,SI,,,,
3/15/2022,B2,889,N,0,Y,220,SI,,,,
3/15/2022,B2,890,N,0,Y,220,SI,0.00926,,Aggregate weight spec 888-890,
3/15/2022,B2,891,N,0,Y,,CS,,,,
3/15/2022,B2,892,N,0,Y,,CS,,,,
3/15/2022,B2,893,Y,1,Y,,CS,,,,
3/15/2022,B2,894,Y,1,Y,,CS,0.00965,0.5,Aggregate weight spec 891-894,
3/15/2022,B1,895,N,0,Y,221,RNA/DNA,,,,
3/15/2022,B1,896,Y,3,Y,221,RNA/DNA,,,,
3/15/2022,B1,897,N,0,Y,221,RNA/DNA,0.00964,,Aggregate weight spec 895-897,
3/15/2022,B1,898,Y,4,Y,222,RNA/DNA,,,,
3/15/2022,B1,899,Y,3,Y,222,RNA/DNA,,,,
3/15/2022,B1,900,N,0,Y,222,RNA/DNA,0.01007,,Aggregate weight spec 898-900,
3/15/2022,B1,901,N,0,Y,223,SI,,,,
3/15/2022,B1,902,Y,2,Y,223,SI,,,,
3/15/2022,B1,903,Y,1,Y,223,SI,0.01038,,Aggregate weight spec 901-903,
3/15/2022,B1,904,Y,1,Y,224,SI,,,,
3/15/2022,B1,905,Y,1,Y,224,SI,,,,
3/15/2022,B1,906,Y,1,Y,224,SI,0.01055,,Aggregate weight spec 904-906,
3/15/2022,B1,907,N,0,Y,,CS,,,,
3/15/2022,B1,908,Y,4,Y,,CS,,,,
3/15/2022,B1,909,Y,1,Y,,CS,,,,
3/15/2022,B1,910,Y,2,Y,,CS,0.01249,0.6875,Aggregate weight spec 907-910,
3/15/2022,A2,911,N,0,Y,225,RNA/DNA,,,,
3/15/2022,A2,912,N,0,Y,225,RNA/DNA,,,,
3/15/2022,A2,913,Y,2,Y,225,RNA/DNA,0.00927,,Aggregate weight spec 911-913,
3/15/2022,A2,914,N,0,Y,226,RNA/DNA,,,,
3/15/2022,A2,915,N,0,Y,226,RNA/DNA,,,,
3/15/2022,A2,916,N,0,Y,226,RNA/DNA,0.00898,,Aggregate weight spec 914-916,
3/15/2022,A2,917,N,0,Y,227,SI,,,,
3/15/2022,A2,918,N,0,Y,227,SI,,,,
3/15/2022,A2,919,N,0,Y,227,SI,0.0098,,Aggregate weight spec 917-919,
3/15/2022,A2,920,Y,1,Y,228,SI,,,,
3/15/2022,A2,921,Y,3,Y,228,SI,,,,
3/15/2022,A2,922,N,0,Y,228,SI,0.009418,,Aggregate weight spec 920-922,
3/15/2022,A2,923,N,0,Y,,CS,,,,
3/15/2022,A2,924,N,0,Y,,CS,,,,
3/15/2022,A2,925,Y,2,Y,,CS,,,,
3/15/2022,A2,926,N,0,Y,,CS,0.01122,0.25,Aggregate weight spec 923-926,
3/15/2022,A1,927,Y,3,Y,229,RNA/DNA,,,,
3/15/2022,A1,928,Y,2,Y,229,RNA/DNA,,,,
3/15/2022,A1,929,N,0,Y,229,RNA/DNA,0.00993,,Aggregate weight spec 927-929,
3/15/2022,A1,930,N,0,Y,230,RNA/DNA,,,,
3/15/2022,A1,931,Y,2,Y,230,RNA/DNA,,,,
3/15/2022,A1,932,N,0,Y,230,RNA/DNA,0.001077,,Aggregate weight spec 930-932,
3/15/2022,A1,933,Y,3,Y,231,SI,,,,
3/15/2022,A1,934,N,0,Y,231,SI,,,,
3/15/2022,A1,935,Y,3,Y,231,SI,0.00899,,Aggregate weight spec 933-935,
3/15/2022,A1,936,Y,3,Y,232,SI,,,,
3/15/2022,A1,937,Y,3,Y,232,SI,,,,
3/15/2022,A1,938,N,0,Y,232,SI,0.01176,,Aggregate weight spec 936-938,
3/15/2022,A1,939,Y,2,Y,,CS,,,,
3/15/2022,A1,940,N,0,Y,,CS,,,,
3/15/2022,A1,941,Y,2,Y,,CS,,,,
3/15/2022,A1,942,N,0,Y,,CS,0.01021,0.5625,Aggregate weight spec 939-942,
3/16/2022,B2,943,Y,3,Y,233,RNA/DNA,,,,
3/16/2022,B2,944,N,0,Y,233,RNA/DNA,,,,
3/16/2022,B2,945,N,0,Y,233,RNA/DNA,0.008715,,Aggregate weight spec 943-945,
3/16/2022,B2,946,N,0,Y,234,RNA/DNA,,,,
3/16/2022,B2,947,Y,1,Y,234,RNA/DNA,,,,
3/16/2022,B2,948,N,0,Y,234,RNA/DNA,0.00806,,Aggregate weight spec 946-948,
3/16/2022,B2,949,Y,1,Y,235,SI,,,,
3/16/2022,B2,950,N,0,Y,235,SI,,,,
3/16/2022,B2,951,N,0,Y,235,SI,0.00972,,Aggregate weight spec 949-951,
3/16/2022,B2,952,N,0,Y,236,SI,,,,
3/16/2022,B2,953,Y,2,Y,236,SI,,,,
3/16/2022,B2,954,Y,4,Y,236,SI,0.00883,,Aggregate weight spec 952-954,
3/16/2022,B2,955,Y,5,Y,,CS,,,,
3/16/2022,B2,956,Y,4,Y,,CS,,,,
3/16/2022,B2,957,Y,1,Y,,CS,,,,
3/16/2022,B2,958,N,0,Y,,CS,0.01028,0.5,Aggregate weight spec 955-958,
3/16/2022,B1,959,N,0,Y,237,RNA/DNA,,,,
3/16/2022,B1,960,Y,3,Y,237,RNA/DNA,,,,
3/16/2022,B1,961,N,0,Y,237,RNA/DNA,0.01031,,Aggregate weight spec 959-961,
3/16/2022,B1,962,Y,3,Y,238,RNA/DNA,,,,
3/16/2022,B1,963,Y,1,Y,238,RNA/DNA,,,,
3/16/2022,B1,964,Y,1,Y,238,RNA/DNA,0.00876,,Aggregate weight spec 962-964,
3/16/2022,B1,965,Y,2,Y,239,SI,,,,
3/16/2022,B1,966,N,0,Y,239,SI,,,,
3/16/2022,B1,967,Y,1,Y,239,SI,0.00881,,Aggregate weight spec 965-967,
3/16/2022,B1,968,Y,1,Y,240,SI,,,,
3/16/2022,B1,969,Y,4,Y,240,SI,,,,
3/16/2022,B1,970,Y,1,Y,240,SI,0.00961,,Aggregate weight spec 968-970,
3/16/2022,B1,971,Y,1,Y,,CS,,,,
3/16/2022,B1,972,N,0,Y,,CS,,,,
3/16/2022,B1,973,Y,3,Y,,CS,,,,
3/16/2022,B1,974,Y,2,Y,,CS,0.011276,0.75,Aggregate weight spec 971-974,
3/16/2022,A2,975,Y,2,Y,241,RNA/DNA,,,,
3/16/2022,A2,976,N,0,Y,241,RNA/DNA,,,,
3/16/2022,A2,977,N,0,Y,241,RNA/DNA,0.00941,,Aggregate weight spec 975-977,
3/16/2022,A2,978,N,0,Y,242,RNA/DNA,,,,
3/16/2022,A2,979,N,0,Y,242,RNA/DNA,,,,
3/16/2022,A2,980,N,0,Y,242,RNA/DNA,0.00976,,Aggregate weight spec 978-980,
3/16/2022,A2,981,Y,4,Y,243,SI,,,,
3/16/2022,A2,982,Y,3,Y,243,SI,,,,
3/16/2022,A2,983,N,0,Y,243,SI,0.00951,,Aggregate weight spec 981-983,
3/16/2022,A2,984,Y,3,Y,244,SI,,,,
3/16/2022,A2,985,Y,1,Y,244,SI,,,,
3/16/2022,A2,986,N,0,Y,244,SI,0.00834,,Aggregate weight spec 984-986,
3/16/2022,A2,987,Y,3,Y,,CS,,,,
3/16/2022,A2,988,Y,2,Y,,CS,,,,
3/16/2022,A2,989,Y,1,Y,,CS,,,,
3/16/2022,A2,990,Y,3,Y,,CS,0.0111,0.5625,Aggregate weight spec 987-990,
3/16/2022,A1,991,Y,2,Y,245,RNA/DNA,,,,
3/16/2022,A1,992,N,0,Y,245,RNA/DNA,,,,
3/16/2022,A1,993,Y,1,Y,245,RNA/DNA,0.01067,,Aggregate weight spec 991-993,
3/16/2022,A1,994,Y,1,Y,246,RNA/DNA,,,,
3/16/2022,A1,995,Y,1,Y,246,RNA/DNA,,,,
3/16/2022,A1,996,Y,1,Y,246,RNA/DNA,0.01082,,Aggregate weight spec 994-996,
3/16/2022,A1,997,Y,1,Y,247,SI,,,,
3/16/2022,A1,998,Y,4,Y,247,SI,,,,
3/16/2022,A1,999,Y,3,Y,247,SI,0.01071,,Aggregate weight spec 997-999,
3/16/2022,A1,1000,Y,3,Y,248,SI,,,,
3/16/2022,A1,1001,Y,4,Y,248,SI,,,,
3/16/2022,A1,1002,N,0,Y,248,SI,0.00837,,Aggregate weight spec 1000-1002,
3/16/2022,A1,1003,N,0,Y,,CS,,,,
3/16/2022,A1,1004,N,0,Y,,CS,,,,
3/16/2022,A1,1005,Y,5,Y,,CS,,,,
3/16/2022,A1,1006,Y,1,Y,,CS,0.01078,0.75,Aggregate weight spec 1003-1006,
3/17/2022,B2,1007,Y,4,Y,249,RNA/DNA,,,,
3/17/2022,B2,1008,N,0,Y,249,RNA/DNA,,,,
3/17/2022,B2,1009,N,0,Y,249,RNA/DNA,0.007489,,Aggregate weight spec 1007-1009,
3/17/2022,B2,1010,Y,4,Y,250,RNA/DNA,,,,
3/17/2022,B2,1011,N,0,Y,250,RNA/DNA,,,,
3/17/2022,B2,1012,Y,1,Y,250,RNA/DNA,0.00802,,Aggregate weight spec 1010-1012,
3/17/2022,B2,1013,Y,8,Y,251,SI,,,,
3/17/2022,B2,1014,Y,3,Y,251,SI,,,,
3/17/2022,B2,1015,N,0,Y,251,SI,0.0068,,Aggregate weight spec 1013-1015,
3/17/2022,B2,1016,Y,2,Y,252,SI,,,,
3/17/2022,B2,1017,N,0,Y,252,SI,,,,
3/17/2022,B2,1018,N,0,Y,252,SI,0.00707,,Aggregate weight spec 1016-1018,
3/17/2022,B2,1019,N,0,Y,,CS,,,,
3/17/2022,B2,1020,Y,3,Y,,CS,,,,
3/17/2022,B2,1021,N,0,Y,,CS,,,,
3/17/2022,B2,1022,Y,1,Y,,CS,0.01027,0.5,Aggregate weight spec 1019-1022,
3/17/2022,B1,1023,Y,2,Y,253,RNA/DNA,,,,
3/17/2022,B1,1024,Y,1,Y,253,RNA/DNA,,,,
3/17/2022,B1,1025,Y,1,Y,253,RNA/DNA,0.00888,,Aggregate weight spec 1023-1025,
3/17/2022,B1,1026,Y,3,Y,254,RNA/DNA,,,,
3/17/2022,B1,1027,Y,5,Y,254,RNA/DNA,,,,
3/17/2022,B1,1028,Y,7,Y,254,RNA/DNA,0.0083,,Aggregate weight spec 1026-1028,
3/17/2022,B1,1029,Y,1,Y,255,SI,,,,
3/17/2022,B1,1030,Y,1,Y,255,SI,,,,
3/17/2022,B1,1031,N,0,Y,255,SI,0.00743,,Aggregate weight spec 1029-1031,
3/17/2022,B1,1032,Y,3,Y,256,SI,,,,
3/17/2022,B1,1033,Y,4,Y,256,SI,,,,
3/17/2022,B1,1034,Y,4,Y,256,SI,0.00773,,Aggregate weight spec 1032-1034,
3/17/2022,B1,1035,Y,19,Y,,CS,,,,
3/17/2022,B1,1036,Y,8,Y,,CS,,,,
3/17/2022,B1,1037,Y,8,Y,,CS,0.0085,0.933333333,Aggregate weight spec 1035-1037,1 dead larva
3/17/2022,A2,1038,Y,1,Y,257,RNA/DNA,,,,
3/17/2022,A2,1039,Y,5,Y,257,RNA/DNA,,,,
3/17/2022,A2,1040,Y,1,Y,257,RNA/DNA,0.00771,,Aggregate weight spec 1038-1040,
3/17/2022,A2,1041,Y,1,Y,258,RNA/DNA,,,,
3/17/2022,A2,1042,Y,2,Y,258,RNA/DNA,,,,
3/17/2022,A2,1043,Y,2,Y,258,RNA/DNA,0.009,,Aggregate weight spec 1041-1043,
3/17/2022,A2,1044,Y,3,Y,259,SI,,,,
3/17/2022,A2,1045,N,0,Y,259,SI,,,,
3/17/2022,A2,1046,N,0,Y,259,SI,0.00905,,Aggregate weight spec 1044-1046,
3/17/2022,A2,1047,Y,1,Y,260,SI,,,,
3/17/2022,A2,1048,N,0,Y,260,SI,,,,
3/17/2022,A2,1049,Y,2,Y,260,SI,0.00873,,Aggregate weight spec 1047-1049,
3/17/2022,A2,1050,Y,0,Y,,CS,,,,
3/17/2022,A2,1051,N,0,Y,,CS,,,,
3/17/2022,A2,1052,N,0,Y,,CS,,,,
3/17/2022,A2,1053,N,3,Y,,CS,0.01048,0.625,Aggregate weight spec 1050-1053,
3/17/2022,A1,1054,N,0,Y,261,RNA/DNA,,,,
3/17/2022,A1,1055,N,0,Y,261,RNA/DNA,,,,
3/17/2022,A1,1056,Y,3,Y,261,RNA/DNA,0.00963,,Aggregate weight spec 1054-1056,
3/17/2022,A1,1057,Y,4,Y,262,RNA/DNA,,,,
3/17/2022,A1,1058,Y,1,Y,262,RNA/DNA,,,,
3/17/2022,A1,1059,Y,4,Y,262,RNA/DNA,0.00989,,Aggregate weight spec 1057-1059,
3/17/2022,A1,1060,Y,2,Y,263,SI,,,,
3/17/2022,A1,1061,Y,1,Y,263,SI,,,,
3/17/2022,A1,1062,Y,4,Y,263,SI,0.00886,,Aggregate weight spec 1060-1062,
3/17/2022,A1,1063,Y,0,Y,264,SI,,,,
3/17/2022,A1,1064,N,0,Y,264,SI,,,,
3/17/2022,A1,1065,N,1,Y,264,SI,0.00904,,Aggregate weight spec 1063-1065,
3/17/2022,A1,1066,Y,5,Y,,CS,,,,
3/17/2022,A1,1067,N,0,Y,,CS,,,,
3/17/2022,A1,1068,N,0,Y,,CS,,,,
3/17/2022,A1,1069,Y,1,Y,,CS,0.01138,0.625,Aggregate weight spec 1066-1069,
3/18/2022,B2 ,1070,N,0,Y,265,RNA/DNA,,,,
3/18/2022,B2,1071,N,0,Y,265,RNA/DNA,,,,
3/18/2022,B2,1072,Y,3,Y,265,RNA/DNA,0.00864,,Aggregate weight spec 1070-1072,
3/18/2022,B2,1073,N,0,Y,266,RNA/DNA,,,,
3/18/2022,B2,1074,Y,1,Y,266,RNA/DNA,,,,
3/18/2022,B2,1075,N,0,Y,266,RNA/DNA,0.00763,,Aggregate weight spec 1073-1075,
3/18/2022,B2,1076,Y,3,Y,267,SI,,,,
3/18/2022,B2,1077,N,0,Y,267,SI,,,,
3/18/2022,B2,1078,N,0,Y,267,SI,0.00791,,Aggregate weight spec 1076-1078,
3/18/2022,B2,1079,N,0,Y,268,SI,,,,
3/18/2022,B2,1080,N,0,Y,268,SI,,,,
3/18/2022,B2,1081,Y,2,Y,268,SI,0.00861,,Aggregate weight spec 1079-1081,
3/18/2022,B2,1082,Y,3,N,,CS,,,,
3/18/2022,B2,1083,Y,1,N,,CS,,,,
3/18/2022,B2,1084,Y,3,N,,CS,,,,
3/18/2022,B2,1085,NA,NA,N,,CS,0.00766,0.4375,Aggregate weight spec 1082-1085,"N=1 specimen died during trial, not included in wet weight/data processing"
3/18/2022,B1,1086,N,0,Y,269,RNA/DNA,,,,
3/18/2022,B1,1087,Y,2,Y,269,RNA/DNA,,,,
3/18/2022,B1,1088,Y,3,Y,269,RNA/DNA,0.00857,,Aggregate weight spec 1086-1088,
3/18/2022,B1,1089,Y,1,Y,270,RNA/DNA,,,,
3/18/2022,B1,1090,Y,4,Y,270,RNA/DNA,,,,
3/18/2022,B1,1091,Y,2,Y,270,RNA/DNA,0.01056,,Aggregate weight spec 1089-1091,
3/18/2022,B1,1092,Y,4,Y,271,SI,,,,
3/18/2022,B1,1093,N,0,Y,271,SI,,,,
3/18/2022,B1,1094,Y,4,Y,271,SI,0.00954,,Aggregate weight spec 1092-1094,
3/18/2022,B1,1095,N,0,Y,272,SI,,,,
3/18/2022,B1,1096,Y,1,Y,272,SI,,,,
3/18/2022,B1,1097,Y,3,Y,272,SI,0.00916,,Aggregate weight spec 1095-1097,
3/18/2022,B1,1098,N,0,Y,,CS,,,,
3/18/2022,B1,1099,N,0,Y,,CS,,,,
3/18/2022,B1,1100,Y,6,Y,,CS,,,,
3/18/2022,B1,1101,Y,8,Y,,CS,0.01252,0.6875,Aggregate weight spec 1098-1101,
3/18/2022,A2,1102,N,0,Y,273,RNA/DNA,,,,
3/18/2022,A2,1103,Y,2,Y,273,RNA/DNA,,,,
3/18/2022,A2,1104,Y,2,Y,273,RNA/DNA,0.00889,,Aggregate weight spec 1102-1104,
3/18/2022,A2,1105,N,0,Y,274,RNA/DNA,,,,
3/18/2022,A2,1106,N,0,Y,274,RNA/DNA,,,,
3/18/2022,A2,1107,Y,2,Y,274,RNA/DNA,0.0086,,Aggregate weight spec 1105-1107,
3/18/2022,A2,1108,N,0,Y,275,SI,,,,
3/18/2022,A2,1109,Y,1,Y,275,SI,,,,
3/18/2022,A2,1110,N,0,Y,275,SI,0.00903,,Aggregate weight spec 1108-1110,
3/18/2022,A2,1111,N,0,Y,276,SI,,,,
3/18/2022,A2,1112,Y,1,Y,276,SI,,,,
3/18/2022,A2,1113,N,0,Y,276,SI,0.00822,,Aggregate weight spec 1111-1113,
3/18/2022,A2,1114,N,0,Y,,CS,,,,
3/18/2022,A2,1115,N,0,Y,,CS,,,,
3/18/2022,A2,1116,Y,1,Y,,CS,,,,
3/18/2022,A2,1117,N,0,Y,,CS,0.01164,0.375,Aggregate weight spec 1114-1117,
3/18/2022,A1,1118,N,0,Y,277,RNA/DNA,,,,
3/18/2022,A1,1119,Y,2,Y,277,RNA/DNA,,,,
3/18/2022,A1,1120,N,0,Y,277,RNA/DNA,0.0101,,Aggregate weight spec 1118-1120,
3/18/2022,A1,1121,Y,1,Y,278,RNA/DNA,,,,
3/18/2022,A1,1122,N,0,Y,278,RNA/DNA,,,,
3/18/2022,A1,1123,Y,1,Y,278,RNA/DNA,0.010294,,Aggregate weight spec 1121-1123,
3/18/2022,A1,1124,N,0,Y,279,SI,,,,
3/18/2022,A1,1125,Y,2,Y,279,SI,,,,
3/18/2022,A1,1126,Y,1,Y,279,SI,0.01151,,Aggregate weight spec 1124-1126,
3/18/2022,A1,1127,Y,2,Y,280,SI,,,,
3/18/2022,A1,1128,Y,3,Y,280,SI,,,,
3/18/2022,A1,1129,Y,7,Y,280,SI,0.01041,,Aggregate weight spec 1127-1129,
3/18/2022,A1,1130,N,0,Y,,CS,,,,
3/18/2022,A1,1131,Y,2,Y,,CS,,,,
3/18/2022,A1,1132,N,0,Y,,CS,0.00984,0.6,Aggregate weight spec 1130-1132,N=1 specimen missing
3/19/2022,B2 ,1133,N,0,Y,281,RNA/DNA,,,,
3/19/2022,B2,1134,Y,1,Y,281,RNA/DNA,,,,
3/19/2022,B2,1135,Y,2,Y,281,RNA/DNA,0.008032,,Aggregate weight spec 1133-1135,
3/19/2022,B2,1136,Y,1,Y,282,RNA/DNA,,,,
3/19/2022,B2,1137,Y,6,Y,282,RNA/DNA,,,,
3/19/2022,B2,1138,Y,2,Y,282,RNA/DNA,0.00706,,Aggregate weight spec 1136-1138,
3/19/2022,B2,1139,Y,2,Y,283,SI,,,,
3/19/2022,B2,1140,Y,3,Y,283,SI,,,,
3/19/2022,B2,1141,N,0,Y,283,SI,0.00736,,Aggregate weight spec 1139-1141,
3/19/2022,B2,1142,N,0,Y,284,SI,,,,
3/19/2022,B2,1143,Y,5,Y,284,SI,,,,
3/19/2022,B2,1144,N,0,Y,284,SI,0.00705,,Aggregate weight spec 1142-1144,
3/19/2022,B2,1145,N,0,Y,,CS,,,,
3/19/2022,B2,1146,Y,0,Y,,CS,,,,
3/19/2022,B2,1147,N,2,Y,,CS,,,,
3/19/2022,B2,1148,N,9,Y,,CS,0.00928,0.5625,Aggregate weight spec 1145-1148,
3/19/2022,B1,1149,Y,1,Y,285,RNA/DNA,,,,
3/19/2022,B1,1150,Y,8,Y,285,RNA/DNA,,,,
3/19/2022,B1,1151,Y,1,Y,285,RNA/DNA,0.00886,,Aggregate weight spec 1149-1151,
3/19/2022,B1,1152,Y,3,Y,286,RNA/DNA,,,,
3/19/2022,B1,1153,Y,3,Y,286,RNA/DNA,,,,Note: 1 prey item was not a rotifer; likely an undissolved piece of salt
3/19/2022,B1,1154,Y,12,Y,286,RNA/DNA,0.0087,,Aggregate weight spec 1152-1154,
3/19/2022,B1,1155,Y,6,Y,287,SI,,,,Note: 1 prey item was not a rotifer; likely an undissolved piece of salt
3/19/2022,B1,1156,Y,2,Y,287,SI,,,,Note: 1 prey item was not a rotifer; likely an undissolved piece of salt
3/19/2022,B1,1157,Y,1,Y,287,SI,0.00751,,Aggregate weight spec 1155-1157,Note: 1 prey item was not a rotifer; likely an undissolved piece of salt
3/19/2022,B1,1158,Y,1,Y,288,SI,,,,
3/19/2022,B1,1159,Y,4,Y,288,SI,,,,
3/19/2022,B1,1160,N,0,Y,288,SI,0.00851,,Aggregate weight spec 1158-1160,
3/19/2022,B1,1161,N,0,Y,,CS,,,,
3/19/2022,B1,1162,N,0,Y,,CS,,,,
3/19/2022,B1,1163,Y,7,Y,,CS,,,,
3/19/2022,B1,1164,Y,6,Y,,CS,0.01201,0.8125,Aggregate weight spec 1161-1164,
3/19/2022,A2,1165,N,0,Y,289,RNA/DNA,,,,
3/19/2022,A2,1166,N,0,Y,289,RNA/DNA,,,,
3/19/2022,A2,1167,Y,1,Y,289,RNA/DNA,0.00744,,Aggregate weight spec 1165-1167,
3/19/2022,A2,1168,N,0,Y,290,RNA/DNA,,,,
3/19/2022,A2,1169,Y,1,Y,290,RNA/DNA,,,,
3/19/2022,A2,1170,N,0,Y,290,RNA/DNA,0.00858,,Aggregate weight spec 1168-1170,
3/19/2022,A2,1171,Y,4,Y,291,SI,,,,
3/19/2022,A2,1172,N,0,Y,291,SI,,,,
3/19/2022,A2,1173,N,0,Y,291,SI,0.00876,,Aggregate weight spec 1171-1173,
3/19/2022,A2,1174,Y,3,Y,292,SI,,,,
3/19/2022,A2,1175,N,0,Y,292,SI,,,,
3/19/2022,A2,1176,Y,3,Y,292,SI,0.00773,,Aggregate weight spec 1174-1176,
3/19/2022,A2,1177,Y,1,Y,,CS,,,,
3/19/2022,A2,1178,Y,1,Y,,CS,,,,
3/19/2022,A2,1179,N,0,Y,,CS,,,,
3/19/2022,A2,1180,Y,1,Y,,CS,0.01105,0.5,Aggregate weight spec 1177-1180,Note: 1 prey item was not a rotifer; likely an undissolved piece of salt
3/19/2022,A1,1181,Y,1,Y,293,RNA/DNA,,,,Note: 1 prey item was not a rotifer; likely an undissolved piece of salt
3/19/2022,A1,1182,Y,1,Y,293,RNA/DNA,,,,Note: 1 prey item was not a rotifer; likely an undissolved piece of salt
3/19/2022,A1,1183,Y,1,Y,293,RNA/DNA,0.01019,,Aggregate weight spec 1181-1183,Note: 1 prey item was not a rotifer; likely an undissolved piece of salt
3/19/2022,A1,1184,Y,6,Y,294,RNA/DNA,,,,
3/19/2022,A1,1185,N,0,Y,294,RNA/DNA,,,,
3/19/2022,A1,1186,Y,10,Y,294,RNA/DNA,0.0108,,Aggregate weight spec 1184-1186,
3/19/2022,A1,1187,Y,1,Y,295,SI,,,,Note: 1 prey item was not a rotifer; likely an undissolved piece of salt
3/19/2022,A1,1188,Y,7,Y,295,SI,,,,
3/19/2022,A1,1189,N,0,Y,295,SI,0.00913,,Aggregate weight spec 1187-1189,
3/19/2022,A1,1190,Y,14,Y,296,SI,,,,
3/19/2022,A1,1191,Y,10,Y,296,SI,,,,
3/19/2022,A1,1192,Y,4,Y,296,SI,0.00903,,Aggregate weight spec 1190-1192,
3/19/2022,A1,1193,Y,2,Y,,CS,,,,Note: 1 prey item was not a rotifer; likely an undissolved piece of salt
3/19/2022,A1,1194,Y,1,Y,,CS,,,,
3/19/2022,A1,1195,Y,5,Y,,CS,0.00929,0.866666667,Aggregate weight spec 1193-1195,1 fish missing
3/20/2022,B2 ,1196,Y,3,Y,297,RNA/DNA,,,,JB began counting salt crystals as prey starting today
3/20/2022,B2,1197,Y,1,Y,297,RNA/DNA,,,,
3/20/2022,B2,1198,Y,1,Y,297,RNA/DNA,0.00806,,Aggregate weight spec 1196-1198,
3/20/2022,B2,1199,Y,2,Y,298,RNA/DNA,,,,
3/20/2022,B2,1200,Y,3,Y,298,RNA/DNA,,,,
3/20/2022,B2,1201,Y,1,Y,298,RNA/DNA,0.00734,,Aggregate weight spec 1199-1201,
3/20/2022,B2,1202,Y,3,Y,299,SI,,,,
3/20/2022,B2,1203,Y,2,Y,299,SI,,,,
3/20/2022,B2,1204,Y,1,Y,299,SI,0.00811,,Aggregate weight spec 1202-1204,
3/20/2022,B2,1205,Y,7,Y,300,SI,,,,
3/20/2022,B2,1206,N,0,Y,300,SI,,,,
3/20/2022,B2,1207,Y,1,Y,300,SI,0.00765,,Aggregate weight spec 1205-1207,
3/20/2022,B2,1208,N,0,Y,,CS,,,,
3/20/2022,B2,1209,Y,3,Y,,CS,,,,
3/20/2022,B2,1210,Y,1,Y,,CS,0.00766,0.866666667,Aggregate weight spec 1208-1210,
3/20/2022,B1,1211,N,0,Y,301,RNA/DNA,,,,
3/20/2022,B1,1212,Y,2,Y,301,RNA/DNA,,,,
3/20/2022,B1,1213,Y,1,Y,301,RNA/DNA,0.00782,,Aggregate weight spec 1211-1213,
3/20/2022,B1,1214,Y,1,Y,302,RNA/DNA,,,,
3/20/2022,B1,1215,Y,3,Y,302,RNA/DNA,,,,
3/20/2022,B1,1216,Y,7,Y,302,RNA/DNA,0.00834,,Aggregate weight spec 1214-1216,
3/20/2022,B1,1217,Y,4,Y,303,SI,,,,
3/20/2022,B1,1218,Y,4,Y,303,SI,,,,
3/20/2022,B1,1219,Y,1,Y,303,SI,0.00867,,Aggregate weight spec 1217-1219,
3/20/2022,B1,1220,Y,1,Y,304,SI,,,,
3/20/2022,B1,1221,Y,10,Y,304,SI,,,,
3/20/2022,B1,1222,Y,42,Y,304,SI,0.00863,,Aggregate weight spec 1220-1222,
3/20/2022,B1,1223,N,0,,,CS,,,,
3/20/2022,B1,1224,Y,1,,,CS,,,,
3/20/2022,B1,1225,Y,5,,,CS,,,,
3/20/2022,B1,1226,Y,7,,,CS,0.01166,0.933333333,Aggregate weight spec 1223-1226,
3/20/2022,A2,1227,Y,1,Y,305,RNA/DNA,,,,
3/20/2022,A2,1228,Y,1,Y,305,RNA/DNA,,,,
3/20/2022,A2,1229,Y,1,Y,305,RNA/DNA,0.00852,,Aggregate weight spec 1227-1229,
3/20/2022,A2,1230,Y,5,Y,306,RNA/DNA,,,,
3/20/2022,A2,1231,N,0,Y,306,RNA/DNA,,,,
3/20/2022,A2,1232,N,0,Y,306,RNA/DNA,0.00785,,Aggregate weight spec 1230-1232,
3/20/2022,A2,1233,Y,3,Y,307,SI,,,,
3/20/2022,A2,1234,N,0,Y,307,SI,,,,
3/20/2022,A2,1235,Y,1,Y,307,SI,0.00937,,Aggregate weight spec 1233-1235,
3/20/2022,A2,1236,N,0,Y,308,SI,,,,
3/20/2022,A2,1237,N,0,Y,308,SI,,,,
3/20/2022,A2,1238,N,0,Y,308,SI,0.00777,,Aggregate weight spec 1236-1238,
3/20/2022,A2,1239,Y,4,Y,,CS,,,,
3/20/2022,A2,1240,N,0,Y,,CS,,,,
3/20/2022,A2,1241,Y,2,Y,,CS,0.00903,0.533333333,Aggregate weight spec 1239-1241,
3/20/2022,A1,1242,Y,11,Y,309,RNA/DNA,,,,
3/20/2022,A1,1243,Y,2,Y,309,RNA/DNA,,,,
3/20/2022,A1,1244,Y,4,Y,309,RNA/DNA,0.01007,,Aggregate weight spec 1242-1244,
3/20/2022,A1,1245,N,0,,310,RNA/DNA,,,,
3/20/2022,A1,1246,Y,2,Y,310,RNA/DNA,,,,
3/20/2022,A1,1247,N,0,Y,310,RNA/DNA,0.00876,,Aggregate weight spec 1245-1247,
3/20/2022,A1,1248,Y,20,Y,311,SI,,,,
3/20/2022,A1,1249,Y,9,Y,311,SI,,,,
3/20/2022,A1,1250,N,0,Y,311,SI,0.01047,,Aggregate weight spec 1248-1250,
3/20/2022,A1,1251,Y,8,Y,312,SI,,,,
3/20/2022,A1,1252,Y,6,Y,312,SI,,,,
3/20/2022,A1,1253,Y,1,Y,312,SI,0.00966,,Aggregate weight spec 1251-1253,
3/20/2022,A1,1254,Y,1,Y,,CS,,,,
3/20/2022,A1,1255,Y,5,Y,,CS,,,,
3/20/2022,A1,1256,Y,11,Y,,CS,,,,
3/20/2022,A1,1257,N,0,Y,,CS,0.01231,0.733333333,Aggregate weight spec 1254-1257,
3/21/2022,B2 ,1258,N,0,Y,313,RNA/DNA,,,,
3/21/2022,B2,1259,Y,3,Y,313,RNA/DNA,,,,
3/21/2022,B2,1260,N,0,Y,313,RNA/DNA,0.00753,,Aggregate weight spec 1258-1260,
3/21/2022,B2,1261,Y,2,Y,314,RNA/DNA,,,,
3/21/2022,B2,1262,N,0,Y,314,RNA/DNA,,,,
3/21/2022,B2,1263,Y,1,Y,314,RNA/DNA,0.0067,,Aggregate weight spec 1261-1263,CRYSTAL
3/21/2022,B2,1264,N,0,Y,315,SI,,,,
3/21/2022,B2,1265,Y,3,Y,315,SI,,,,
3/21/2022,B2,1266,N,0,Y,315,SI,0.00515,,Aggregate weight spec 1264-1266,
3/21/2022,B2,1267,N,0,Y,316,SI,,,,
3/21/2022,B2,1268,Y,3,Y,316,SI,,,,
3/21/2022,B2,1269,Y,2,Y,316,SI,0.00678,,Aggregate weight spec 1267-1269,
3/21/2022,B2,1270,N,0,Y,,CS,,,,
3/21/2022,B2,1271,N,0,Y,,CS,0.00387,0.4,Aggregate weight spec 1270-1271,N=2 Dead during trial
3/21/2022,B1,1272,N,0,Y,317,RNA/DNA,,,,
3/21/2022,B1,1273,Y,1,Y,317,RNA/DNA,,,,
3/21/2022,B1,1274,N,0,Y,317,RNA/DNA,0.00817,,Aggregate weight spec 1272-1274,
3/21/2022,B1,1275,Y,8,Y,318,RNA/DNA,,,,
3/21/2022,B1,1276,N,0,Y,318,RNA/DNA,,,,
3/21/2022,B1,1277,N,0,Y,318,RNA/DNA,0.00784,,Aggregate weight spec 1275-1277,
3/21/2022,B1,1278,N,0,Y,319,SI,,,,
3/21/2022,B1,1279,Y,1,Y,319,SI,,,,CRYSTAL
3/21/2022,B1,1280,Y,4,Y,319,SI,0.00892,,Aggregate weight spec 1278-1280,
3/21/2022,B1,1281,Y,1,Y,320,SI,,,,
3/21/2022,B1,1282,N,0,Y,320,SI,,,,
3/21/2022,B1,1283,Y,5,Y,320,SI,0.0085,,Aggregate weight spec 1281-1283,
3/21/2022,B1,1284,Y,4,Y,,CS,,,,
3/21/2022,B1,1285,Y,4,Y,,CS,,,,
3/21/2022,B1,1286,Y,6,Y,,CS,,,,
3/21/2022,B1,1287,Y,1,Y,,CS,0.01016,0.666666667,Aggregate weight spec 1284-1287,
3/21/2022,A2,1288,N,0,Y,321,RNA/DNA,,,,
3/21/2022,A2,1289,Y,2,Y,321,RNA/DNA,,,,
3/21/2022,A2,1290,N,0,Y,321,RNA/DNA,0.00777,,Aggregate weight spec 1288-1290,
3/21/2022,A2,1291,Y,1,Y,322,RNA/DNA,,,,
3/21/2022,A2,1292,Y,1,Y,322,RNA/DNA,,,,
3/21/2022,A2,1293,Y,8,Y,322,RNA/DNA,0.00915,,Aggregate weight spec 1291-1293,
3/21/2022,A2,1294,Y,1,Y,323,SI,,,,
3/21/2022,A2,1295,Y,1,Y,323,SI,,,,
3/21/2022,A2,1296,Y,7,Y,323,SI,0.00921,,Aggregate weight spec 1294-1296,
3/21/2022,A2,1297,Y,2,Y,324,SI,,,,
3/21/2022,A2,1298,Y,1,Y,324,SI,,,,
3/21/2022,A2,1299,Y,2,Y,324,SI,0.00897,,Aggregate weight spec 1297-1299,
3/21/2022,A2,1300,Y,4,Y,,CS,,,,
3/21/2022,A2,1301,Y,5,Y,,CS,,,,
3/21/2022,A2,1302,Y,1,Y,,CS,,,,
3/21/2022,A2,1303,Y,5,Y,,CS,0.0109,0.933333333,Aggregate weight spec 1300-1303,
3/21/2022,A1,1304,Y,3,Y,325,RNA/DNA,,,,
3/21/2022,A1,1305,N,0,Y,325,RNA/DNA,,,,
3/21/2022,A1,1306,Y,2,Y,325,RNA/DNA,0.01,,Aggregate weight spec 1304-1306,
3/21/2022,A1,1307,Y,4,Y,326,RNA/DNA,,,,
3/21/2022,A1,1308,Y,1,Y,326,RNA/DNA,,,,
3/21/2022,A1,1309,Y,8,Y,326,RNA/DNA,0.00876,,Aggregate weight spec 1307-1309,
3/21/2022,A1,1310,N,0,Y,327,SI,,,,
3/21/2022,A1,1311,Y,2,Y,327,SI,,,,
3/21/2022,A1,1312,N,0,Y,327,SI,0.00953,,Aggregate weight spec 1310-1312,
3/21/2022,A1,1313,Y,7,Y,328,SI,,,,
3/21/2022,A1,1314,Y,10,Y,328,SI,,,,
3/21/2022,A1,1315,Y,2,Y,328,SI,0.00975,,Aggregate weight spec 1313-1315,
3/21/2022,A1,1316,Y,12,Y,,CS,,,,
3/21/2022,A1,1317,Y,7,Y,,CS,,,,
3/21/2022,A1,1318,Y,2,Y,,CS,,,,
3/21/2022,A1,1319,N,0,Y,,CS,0.01232,0.733333333,Aggregate weight spec 1316-1319,
3/22/2022,B2,1320,Y,2,Y,329,RNA/DNA,,,,
3/22/2022,B2,1321,N,0,Y,329,RNA/DNA,,,,
3/22/2022,B2,1322,N,0,Y,329,RNA/DNA,0.00775,,Aggregate weight spec 1320-1322,
3/22/2022,B2,1323,N,0,Y,330,RNA/DNA,,,,
3/22/2022,B2,1324,Y,1,Y,330,RNA/DNA,,,,
3/22/2022,B2,1325,Y,2,Y,330,RNA/DNA,0.00643,,Aggregate weight spec 1323-1325,
3/22/2022,B2,1326,Y,1,Y,331,SI,,,,
3/22/2022,B2,1327,N,0,Y,331,SI,,,,
3/22/2022,B2,1328,Y,2,Y,331,SI,0.00565,,Aggregate weight spec 1326-1328,Note: 1 prey item was not a rotifer; likely an undissolved piece of salt
3/22/2022,B2,1329,N,0,Y,332,SI,,,,
3/22/2022,B2,1330,N,0,Y,332,SI,,,,
3/22/2022,B2,1331,Y,1,Y,332,SI,0.00552,,Aggregate weight spec 1329-1331,Note: 1 prey item was not a rotifer; likely an undissolved piece of salt
3/22/2022,B2,1332,Y,13,Y,,CS,,,,Note: 1 prey item was not a rotifer; likely an undissolved piece of salt
3/22/2022,B2,1333,Y,1,Y,,CS,,,,Note: 1 prey item was not a rotifer; likely an undissolved piece of salt
3/22/2022,B2,1334,N,0,Y,,CS,,,,
3/22/2022,B2,1335,N,0,Y,,CS,0.00811,0.466666667,Aggregate weight spec 1332-1335,
3/22/2022,B1,1336,Y,1,Y,333,RNA/DNA,,,,
3/22/2022,B1,1337,Y,4,Y,333,RNA/DNA,,,,
3/22/2022,B1,1338,Y,10,Y,333,RNA/DNA,0.00856,,Aggregate weight spec 1336-1338,
3/22/2022,B1,1339,Y,5,Y,334,RNA/DNA,,,,
3/22/2022,B1,1340,Y,3,Y,334,RNA/DNA,,,,
3/22/2022,B1,1341,Y,1,Y,334,RNA/DNA,0.00795,,Aggregate weight spec 1339-1341,
3/22/2022,B1,1342,N,0,Y,335,SI,,,,
3/22/2022,B1,1343,Y,2,Y,335,SI,,,,
3/22/2022,B1,1344,Y,1,Y,335,SI,0.00993,,Aggregate weight spec 1342-1344,
3/22/2022,B1,1345,Y,5,Y,336,SI,,,,
3/22/2022,B1,1346,Y,6,Y,336,SI,,,,
3/22/2022,B1,1347,N,0,Y,336,SI,0.0081,,Aggregate weight spec 1345-1347,
3/22/2022,B1,1348,Y,10,Y,,CS,,,,
3/22/2022,B1,1349,Y,25,Y,,CS,,,,
3/22/2022,B1,1350,Y,1,Y,,CS,,,,
3/22/2022,B1,1351,Y,11,Y,,CS,0.00918,0.866666667,Aggregate weight spec 1348-1351,
3/22/2022,A2,1352,Y,4,Y,337,RNA/DNA,,,,
3/22/2022,A2,1353,N,0,Y,337,RNA/DNA,,,,
3/22/2022,A2,1354,N,0,Y,337,RNA/DNA,0.006692,,Aggregate weight spec 1352-1354,
3/22/2022,A2,1355,N,0,Y,338,RNA/DNA,,,,
3/22/2022,A2,1356,Y,1,Y,338,RNA/DNA,,,,Note: 1 prey item was not a rotifer; likely an undissolved piece of salt
3/22/2022,A2,1357,Y,9,Y,338,RNA/DNA,0.00665,,Aggregate weight spec 1355-1357,
3/22/2022,A2,1358,N,0,Y,339,SI,,,,
3/22/2022,A2,1359,Y,7,Y,339,SI,,,,
3/22/2022,A2,1360,Y,13,Y,339,SI,0.00584,,Aggregate weight spec 1358-1360,
3/22/2022,A2,1361,Y,1,Y,340,SI,,,,
3/22/2022,A2,1362,Y,3,Y,340,SI,,,,
3/22/2022,A2,1363,Y,1,Y,340,SI,0.00733,,Aggregate weight spec 1361-1363,
3/22/2022,A2,1364,Y,2,Y,,CS,,,,Note: 1 prey item was not a rotifer; likely an undissolved piece of salt
3/22/2022,A2,1365,N,0,Y,,CS,,,,
3/22/2022,A2,1366,Y,9,Y,,CS,,,,
3/22/2022,A2,1367,Y,6,Y,,CS,0.00875,0.666666667,Aggregate weight spec 1364-1367,
3/22/2022,A1,1368,Y,2,Y,341,RNA/DNA,,,,Note: 1 prey item was not a rotifer; likely an undissolved piece of salt
3/22/2022,A1,1369,Y,11,Y,341,RNA/DNA,,,,
3/22/2022,A1,1370,Y,2,Y,341,RNA/DNA,0.00822,,Aggregate weight spec 1368-1370,
3/22/2022,A1,1371,Y,8,Y,342,RNA/DNA,,,,
3/22/2022,A1,1372,Y,23,Y,342,RNA/DNA,,,,
3/22/2022,A1,1373,Y,14,Y,342,RNA/DNA,0.00555,,Aggregate weight spec 1371-1373,Note: 1 prey item was not a rotifer; likely an undissolved piece of salt
3/22/2022,A1,1374,Y,1,Y,343,SI,,,,
3/22/2022,A1,1375,N,0,Y,343,SI,,,,
3/22/2022,A1,1376,Y,11,Y,343,SI,0.00838,,Aggregate weight spec 1374-1376,
3/22/2022,A1,1377,Y,5,Y,344,SI,,,,Note: 1 prey item was not a rotifer; likely an undissolved piece of salt
3/22/2022,A1,1378,Y,2,Y,344,SI,,,,Note: 1 prey item was not a rotifer; likely an undissolved piece of salt
3/22/2022,A1,1379,Y,3,Y,344,SI,0.0078,,Aggregate weight spec 1377-1379,
3/22/2022,A1,1380,Y,1,Y,,CS,,,,
3/22/2022,A1,1381,Y,2,Y,,CS,,,,
3/22/2022,A1,1382,Y,2,Y,,CS,,,,
3/22/2022,A1,1383,Y,17,Y,,CS,0.0109,0.933333333,Aggregate weight spec 1380-1383,Note: 1 prey item was not a rotifer; likely an undissolved piece of salt
3/23/2022,B2,1384,Y,1,Y,345,RNA/DNA,,,,Note: 1 prey item was not a rotifer; likely an undissolved piece of salt
3/23/2022,B2,1385,Y,8,Y,345,RNA/DNA,,,,
3/23/2022,B2,1386,Y,8,Y,345,RNA/DNA,0.007132,,Aggregate weight spec 1384-1386,
3/23/2022,B2,1387,N,0,Y,346,RNA/DNA,,,,
3/23/2022,B2,1388,Y,2,Y,346,RNA/DNA,,,,
3/23/2022,B2,1389,N,0,Y,346,RNA/DNA,0.00626,,Aggregate weight spec 1387-1389,
3/23/2022,B2,1390,N,0,Y,347,SI,,,,
3/23/2022,B2,1391,Y,4,Y,347,SI,,,,
3/23/2022,B2,1392,N,0,Y,347,SI,0.00605,,Aggregate weight spec 1390-1392,
3/23/2022,B2,1393,N,0,Y,348,SI,,,,
3/23/2022,B2,1394,N,0,Y,348,SI,,,,
3/23/2022,B2,1395,N,0,Y,348,SI,0.00513,,Aggregate weight spec 1393-1395,
3/23/2022,B2,1396,Y,1,Y,,CS,,,,Note: 1 prey item was not a rotifer; likely an undissolved piece of salt
3/23/2022,B2,1397,N,0,Y,,CS,,,,
3/23/2022,B2,1398,N,0,Y,,CS,,,,
3/23/2022,B2,1399,N,0,Y,,CS,0.00699,0.333333333,Aggregate weight spec 1396-1399,
3/23/2022,B1,1400,Y,35,Y,349,RNA/DNA,,,,
3/23/2022,B1,1401,Y,3,Y,349,RNA/DNA,,,,
3/23/2022,B1,1402,Y,3,Y,349,RNA/DNA,0.00793,,Aggregate weight spec 1400-1402,Note: 1 prey item was not a rotifer; likely an undissolved piece of salt
3/23/2022,B1,1403,Y,3,Y,350,RNA/DNA,,,,
3/23/2022,B1,1404,N,0,Y,350,RNA/DNA,,,,
3/23/2022,B1,1405,N,0,Y,350,RNA/DNA,0.00638,,Aggregate weight spec 1403-1405,
3/23/2022,B1,1406,N,0,Y,351,SI,,,,
3/23/2022,B1,1407,Y,8,Y,351,SI,,,,
3/23/2022,B1,1408,Y,1,Y,351,SI,0.00925,,Aggregate weight spec 1406-1408,
3/23/2022,B1,1409,Y,8,Y,352,SI,,,,Note: 1 prey item was not a rotifer; likely an undissolved piece of salt
3/23/2022,B1,1410,Y,3,Y,352,SI,,,,
3/23/2022,B1,1411,Y,9,Y,352,SI,0.00773,,Aggregate weight spec 1409-1411,
3/23/2022,B1,1412,Y,16,Y,,CS,,,,
3/23/2022,B1,1413,Y,12,Y,,CS,,,,
3/23/2022,B1,1414,Y,13,Y,,CS,,,,
3/23/2022,B1,1415,Y,20,Y,,CS,0.0105,0.8,Aggregate weight spec 1412-1415,
3/23/2022,A2,1416,N,7,Y,353,RNA/DNA,,,,
3/23/2022,A2,1417,Y,0,Y,353,RNA/DNA,,,,
3/23/2022,A2,1418,Y,0,Y,353,RNA/DNA,0.00719,,Aggregate weight spec 1416-1418,
3/23/2022,A2,1419,Y,3,Y,354,RNA/DNA,,,,
3/23/2022,A2,1420,Y,1,Y,354,RNA/DNA,,,,
3/23/2022,A2,1421,N,0,Y,354,RNA/DNA,0.00704,,Aggregate weight spec 1419-1421,
3/23/2022,A2,1422,Y,3,Y,355,SI,,,,Note: 1 prey item was not a rotifer; likely an undissolved piece of salt
3/23/2022,A2,1423,Y,4,Y,355,SI,,,,Note: 1 prey item was not a rotifer; likely an undissolved piece of salt
3/23/2022,A2,1424,Y,3,Y,355,SI,0.00566,,Aggregate weight spec 1422-1424,
3/23/2022,A2,1425,N,0,Y,356,SI,,,,
3/23/2022,A2,1426,Y,1,Y,356,SI,,,,
3/23/2022,A2,1427,Y,3,Y,356,SI,0.00525,,Aggregate weight spec 1425-1427,
3/23/2022,A2,1428,Y,1,Y,,CS,,,,Note: 1 prey item was not a rotifer; likely an undissolved piece of salt
3/23/2022,A2,1429,Y,3,Y,,CS,,,,Note: 1 prey item was not a rotifer; likely an undissolved piece of salt
3/23/2022,A2,1430,Y,3,Y,,CS,0.005574,0.857142857,Aggregate weight spec  1428-1430; 1 fish dead during the trial,Note: 1 prey item was not a rotifer; likely an undissolved piece of salt
3/23/2022,A1,1431,Y,6,Y,357,RNA/DNA,,,,
3/23/2022,A1,1432,Y,2,Y,357,RNA/DNA,,,,
3/23/2022,A1,1433,Y,2,Y,357,RNA/DNA,0.00901,,Aggregate weight spec 1431-1433,
3/23/2022,A1,1434,N,0,Y,358,RNA/DNA,,,,
3/23/2022,A1,1435,Y,6,Y,358,RNA/DNA,,,,
3/23/2022,A1,1436,Y,4,Y,358,RNA/DNA,0.00998,,Aggregate weight spec 1434-1436,Note: 1 prey item was not a rotifer; likely an undissolved piece of salt
3/23/2022,A1,1437,N,0,Y,359,SI,,,,
3/23/2022,A1,1438,Y,6,Y,359,SI,,,,
3/23/2022,A1,1439,Y,3,Y,359,SI,0.00798,,Aggregate weight spec 1437-1439,
3/23/2022,A1,1440,Y,8,Y,360,SI,,,,
3/23/2022,A1,1441,Y,1,Y,360,SI,,,,Note: 1 prey item was not a rotifer; likely an undissolved piece of salt
3/23/2022,A1,1442,N,0,Y,360,SI,0.00928,,Aggregate weight spec 1440-1442,
3/23/2022,A1,1443,N,0,Y,,CS,,,,
3/23/2022,A1,1444,Y,9,Y,,CS,,,,
3/23/2022,A1,1445,Y,11,Y,,CS,,,,
3/23/2022,A1,1446,Y,19,Y,,CS,0.00937,0.733333333,Aggregate weight spec 1443-1446,
3/24/2022,A2,1447,N,0,Y,361,RNA/DNA,,,,
3/24/2022,A2,1448,Y,4,Y,361,RNA/DNA,,,,
3/24/2022,A2,1449,Y,1,Y,361,RNA/DNA,0.006541,,Aggregate weight spec 1447-1449,
3/24/2022,A2,1450,Y,3,Y,362,RNA/DNA,,,,
3/24/2022,A2,1451,Y,11,Y,362,RNA/DNA,,,,
3/24/2022,A2,1452,Y,5,Y,362,RNA/DNA,0.00869,,Aggregate weight spec 1450-1452,
3/24/2022,A2,1453,Y,1,Y,363,SI,,,,
3/24/2022,A2,1454,N,0,Y,363,SI,,,Likely died during trial,
3/24/2022,A2,1455,Y,2,Y,363,SI,0.00607,,Aggregate weight spec 1453-1455,
3/24/2022,A2,1456,Y,1,Y,364,SI,,,,
3/24/2022,A2,1457,N,0,Y,364,SI,,,Likely died during trial,
3/24/2022,A2,1458,N,0,Y,364,SI,0.00558,,Aggregate weight spec 1456-1458; likely died during trial,
3/24/2022,A2,1459,N,0,Y,,CS,,,Likely died during trial,
3/24/2022,A2,1460,N,0,Y,,CS,0.00296,0.571428571,Aggregate weight spec 1459-1460; Likely died during trial,
3/24/2022,A1,1461,Y,4,Y,365,RNA/DNA,,,,
3/24/2022,A1,1462,Y,6,Y,365,RNA/DNA,,,,
3/24/2022,A1,1463,N,0,Y,365,RNA/DNA,0.01046,,Aggregate weight spec 1461-1463,
3/24/2022,A1,1464,Y,14,Y,366,RNA/DNA,,,1 big salt crystal at end of gut,
3/24/2022,A1,1465,Y,5,Y,366,RNA/DNA,,,,
3/24/2022,A1,1466,Y,1,Y,366,RNA/DNA,0.00973,,Aggregate weight spec 1464-1466,
3/24/2022,A1,1467,Y,5,Y,367,SI,,,,Note: 1 prey item was not a rotifer; likely an undissolved piece of salt
3/24/2022,A1,1468,Y,7,Y,367,SI,,,,
3/24/2022,A1,1469,N,0,Y,367,SI,0.001186,,Aggregate weight spec 1467-1469,
3/24/2022,A1,1470,N,0,Y,368,SI,,,,
3/24/2022,A1,1471,Y,2,Y,368,SI,,,,
3/24/2022,A1,1472,Y,2,Y,368,SI,0.01105,,Aggregate weight spec 1470-1472,Note: 1 prey item was not a rotifer; likely an undissolved piece of salt
3/24/2022,A1,1473,Y,12,Y,,CS,,,,Note: 1 prey item was not a rotifer; likely an undissolved piece of salt
3/24/2022,A1,1474,Y,6,Y,,CS,,,,
3/24/2022,A1,1475,N,0,Y,,CS,,,,
3/24/2022,A1,1476,Y,10,Y,,CS,0.01294,0.75,Aggregate weight spec 1473-1476,Note: 1 prey item was not a rotifer; likely an undissolved piece of salt
